SOC,2003,2004,2005,2006,2007,2008,2009,2010,2011,2012,2013,2014,2015,2016
11-1011,0.791775,0.799348,0.771251,0.731448,0.787134,0.777858,0.775905,0.850251,0.850251,0.850251,0.850251,0.856004,0.856004,0.856004
11-2011,0.740444,0.748221,0.772687,0.778229,0.833225,0.825922,0.822003,0.832084,0.832084,0.832084,0.832084,0.832084,0.832084,0.832084
11-2021,0.764087,0.800983,0.777433,0.778374,0.818528,0.824061,0.820803,0.853147,0.853147,0.853147,0.853147,0.853147,0.855029,0.855029
11-2022,0.735577,0.743134,0.721461,0.725182,0.773225,0.789994,0.785369,0.814570,0.814570,0.814570,0.814570,0.814570,0.814570,0.846313
11-3011,0.742332,0.748252,0.728684,0.728941,0.767984,0.761368,0.767730,0.816621,0.816621,0.816621,0.816621,0.816621,0.816621,0.816621
11-3021,0.729174,0.732078,0.708817,0.704110,0.739128,0.736681,0.727968,0.761390,0.761390,0.761390,0.761390,0.761390,0.761390,0.794275
11-3031,0.776306,0.784891,0.748689,0.771652,0.820149,0.811414,0.807827,0.872074,0.872074,0.876596,0.876596,0.876596,0.876596,0.876596
11-3051,0.657989,0.665413,0.641855,0.640390,0.680063,0.684042,0.681313,0.716142,0.716142,0.716142,0.725248,0.725248,0.725248,0.725248
11-3061,0.782570,0.672829,0.651088,0.650731,0.691595,0.682867,0.756725,0.815076,0.815076,0.815076,0.815076,0.815076,0.815076,0.815076
11-3071,0.748101,0.725081,0.701571,0.705246,0.754798,0.748830,0.768857,0.818805,0.818805,0.818805,0.818805,0.801712,0.801712,0.801712
11-3111,0.756611,0.765312,0.769227,0.770189,0.816417,0.879463,0.878011,0.906214,0.906214,0.906214,0.906214,0.906214,0.906214,0.906214
11-3121,0.756611,0.803578,0.783463,0.789258,0.850944,0.847573,0.845661,0.878468,0.878468,0.878468,0.878468,0.878468,0.878468,0.878468
11-3131,0.723521,0.764165,0.743591,0.745400,0.793830,0.810376,0.805670,0.836623,0.836623,0.836623,0.836623,0.836623,0.836623,0.836623
11-9013,0.634249,0.641154,0.618487,0.619084,0.613521,0.606744,0.605171,0.644635,0.696728,0.696728,0.696728,0.696728,0.696728,0.696728
11-9021,0.708959,0.710085,0.649867,0.650520,0.684828,0.712988,0.709987,0.741652,0.741652,0.741652,0.742582,0.742582,0.742582,0.742582
11-9031,0.749211,0.756763,0.735771,0.734642,0.767814,0.762296,0.761146,0.830201,0.830201,0.830201,0.830201,0.830201,0.830201,0.830201
11-9032,0.749211,0.756763,0.771841,0.769101,0.800548,0.792174,0.789050,0.823323,0.823323,0.823323,0.823323,0.823323,0.823323,0.823323
11-9033,0.773570,0.782118,0.786061,0.782986,0.819527,0.810572,0.807436,0.875088,0.875088,0.875088,0.875088,0.875088,0.875088,0.875088
11-9041,0.654155,0.688312,0.664113,0.665837,0.713608,0.754405,0.747729,0.780952,0.780952,0.756918,0.756918,0.756918,0.756918,0.756918
11-9051,0.678855,0.657723,0.637670,0.638482,0.676644,0.701403,0.697609,0.721559,0.721559,0.721559,0.721559,0.721559,0.721559,0.721559
11-9071,0.736953,0.741842,0.711684,0.692837,0.736246,0.728220,0.726300,0.778084,0.778084,0.778084,0.778084,0.778370,0.778370,0.778370
11-9081,0.620862,0.790067,0.772208,0.773710,0.807484,0.800168,0.797827,0.762034,0.762034,0.762034,0.762034,0.762034,0.762034,0.762034
11-9111,0.733943,0.741481,0.718732,0.717508,0.753448,0.823288,0.819683,0.847433,0.847433,0.847433,0.847433,0.847433,0.847433,0.849060
11-9121,0.708647,0.717582,0.688156,0.696390,0.740080,0.732507,0.729456,0.799216,0.799216,0.799216,0.799216,0.816144,0.816144,0.816144
11-9131,0.809333,0.813855,0.739805,0.740630,0.777974,0.770047,0.767206,0.809462,0.809462,0.809462,0.809462,0.809462,0.809462,0.776390
11-9141,0.740164,0.746501,0.716398,0.726287,0.773073,0.765280,0.764244,0.838545,0.838545,0.838545,0.818688,0.818688,0.818688,0.818688
11-9151,0.751351,0.799987,0.779192,0.778419,0.824317,0.817533,0.782620,0.830636,0.830636,0.830636,0.830636,0.830636,0.830636,0.830636
13-1011,0.819282,0.824053,0.801731,0.802311,0.826674,0.819299,0.815211,0.861592,0.861592,0.861592,0.861592,0.861592,0.861592,0.861592
13-1021,0.679082,0.687996,0.660501,0.664122,0.700565,0.690696,0.688253,0.739753,0.739753,0.739753,0.769311,0.769311,0.769311,0.769311
13-1022,0.711993,0.721026,0.698305,0.703158,0.751960,0.742304,0.722055,0.782059,0.782059,0.782059,0.782059,0.782059,0.795680,0.795680
13-1023,0.792233,0.758394,0.733435,0.734094,0.784011,0.774712,0.770531,0.849133,0.824452,0.824452,0.824452,0.824452,0.824452,0.824452
13-1031,0.782882,0.784720,0.762324,0.764970,0.822425,0.819055,0.815128,0.821128,0.821128,0.821128,0.821128,0.821128,0.821128,0.821128
13-1032,0.710066,0.716779,0.680149,0.686755,0.731760,0.725342,0.718346,0.754667,0.754667,0.754667,0.754667,0.754667,0.754667,0.733468
13-1041,0.621247,0.630454,0.604701,0.602143,0.681094,0.675124,0.673134,0.705333,0.705333,0.705333,0.705333,0.708552,0.708552,0.708552
13-1051,0.699568,0.707839,0.683709,0.687282,0.740527,0.783117,0.778445,0.810606,0.810606,0.810606,0.810606,0.810606,0.810606,0.814009
13-1071,0.812210,0.793738,0.780720,0.777318,0.811736,0.804068,0.795221,0.850291,0.854863,0.873559,0.873559,0.873559,0.873559,0.873559
13-1111,0.736718,0.744835,0.718393,0.724271,0.756839,0.746024,0.742201,0.845349,0.845349,0.845349,0.845349,0.845349,0.845349,0.864040
13-1121,0.772799,0.750262,0.733052,0.734712,0.776339,0.731975,0.729137,0.756971,0.756971,0.756971,0.756971,0.756971,0.756971,0.761855
13-1141,0.727352,0.735185,0.778303,0.781087,0.840294,0.832151,0.825807,0.876579,0.876579,0.876579,0.876579,0.876579,0.876579,0.876579
13-1151,0.749341,0.756770,0.741120,0.743406,0.788926,0.835978,0.833988,0.859130,0.859130,0.859130,0.859130,0.867088,0.867088,0.867088
13-1161,0.723956,0.731222,0.802125,0.806499,0.855703,0.847308,0.821764,0.863997,0.863997,0.863997,0.863997,0.863997,0.863997,0.863997
13-2011,0.785572,0.794690,0.760431,0.759410,0.815649,0.804026,0.780816,0.857281,0.857281,0.857281,0.857281,0.857281,0.857281,0.857281
13-2021,0.740075,0.751136,0.688944,0.689467,0.738506,0.731355,0.729486,0.773144,0.756458,0.756458,0.756458,0.756458,0.756458,0.756458
13-2031,0.836669,0.836669,0.754604,0.756269,0.809943,0.852220,0.848603,0.876518,0.876518,0.876518,0.876518,0.876518,0.876518,0.873929
13-2041,0.743618,0.736054,0.708715,0.712471,0.780030,0.770281,0.789236,0.854652,0.854652,0.854652,0.854652,0.854652,0.854652,0.854652
13-2051,0.760472,0.770945,0.733157,0.779467,0.827159,0.817958,0.815823,0.882614,0.882614,0.882614,0.882614,0.882614,0.882614,0.854016
13-2052,0.786060,0.793891,0.760181,0.763385,0.858260,0.848815,0.846367,0.888100,0.888100,0.891249,0.891249,0.891249,0.891249,0.891249
13-2053,0.792442,0.781582,0.758364,0.763064,0.827487,0.821836,0.853585,0.880301,0.880301,0.880301,0.880301,0.880301,0.880301,0.880301
13-2061,0.736835,0.747055,0.713925,0.784355,0.837383,0.828978,0.824775,0.880649,0.880649,0.870742,0.870742,0.870742,0.870742,0.870742
13-2071,0.754781,0.764877,0.735887,0.775375,0.831465,0.824970,0.824411,0.848011,0.848011,0.848011,0.892282,0.892282,0.892282,0.892282
13-2072,0.754781,0.764877,0.823309,0.828819,0.884383,0.876087,0.874323,0.908482,0.887353,0.887353,0.887353,0.887353,0.887353,0.887353
13-2081,0.802070,0.807798,0.757336,0.761186,0.822737,0.814390,0.811439,0.848821,0.850388,0.850388,0.850388,0.850388,0.850388,0.850388
13-2082,0.761878,0.768776,0.727386,0.760926,0.825243,0.816281,0.813712,0.862050,0.862050,0.862050,0.851310,0.851310,0.851310,0.851310
15-1121,0.649124,0.657910,0.690355,0.687918,0.728207,0.717624,0.699925,0.763704,0.763704,0.763704,0.763704,0.763704,0.763704,0.763704
15-1131,0.673542,0.721840,0.696513,0.692735,0.732383,0.719870,0.717373,0.811631,0.811631,0.811631,0.811631,0.811631,0.811631,0.811631
15-1132,0.656298,0.665525,0.673915,0.672976,0.711960,0.700115,0.720326,0.790136,0.790136,0.790136,0.790136,0.790136,0.790136,0.784709
15-1133,0.656298,0.665525,0.685186,0.684152,0.720943,0.710038,0.696247,0.782731,0.782731,0.782731,0.803236,0.803236,0.803236,0.803236
15-1141,0.631510,0.710257,0.685488,0.683303,0.726202,0.744494,0.737067,0.779608,0.779608,0.779608,0.779608,0.779608,0.779608,0.772391
15-1142,0.661441,0.645011,0.621351,0.619586,0.666025,0.678892,0.668068,0.712393,0.712393,0.712393,0.712393,0.712393,0.712393,0.712393
15-1143,0.653252,0.658181,0.645320,0.641775,0.676222,0.666573,0.666955,0.729019,0.736353,0.736353,0.736353,0.736353,0.736353,0.736353
15-1151,0.630634,0.695264,0.678210,0.671268,0.716011,0.683453,0.674230,0.700326,0.700326,0.700326,0.700326,0.700326,0.700326,0.700326
15-2011,0.739283,0.747798,0.783885,0.786925,0.832432,0.821659,0.812068,0.882239,0.882239,0.882239,0.882239,0.882239,0.882239,0.882239
15-2021,0.750733,0.759212,0.707104,0.735915,0.792495,0.781078,0.777561,0.860584,0.860584,0.852678,0.852678,0.852678,0.852678,0.852678
15-2031,0.769649,0.773593,0.729900,0.730133,0.768936,0.755513,0.752228,0.843877,0.849749,0.849749,0.849749,0.849749,0.849749,0.849749
15-2041,0.725823,0.735093,0.693705,0.738854,0.793451,0.784433,0.779530,0.839318,0.839318,0.871165,0.871165,0.871165,0.871165,0.871165
15-2091,0.705387,0.713625,0.668599,0.677313,0.745532,0.733935,0.730767,0.787136,0.787136,0.787136,0.787136,0.787136,0.787136,0.787136
17-1011,0.691251,0.699955,0.685024,0.685332,0.729058,0.717671,0.718416,0.757779,0.757779,0.757779,0.757779,0.768070,0.768070,0.768070
17-1012,0.688628,0.696926,0.679853,0.679978,0.727980,0.717774,0.738887,0.777624,0.777624,0.777624,0.771388,0.771388,0.771388,0.771388
17-1021,0.567647,0.576154,0.642510,0.647321,0.705532,0.700322,0.697455,0.761574,0.761574,0.761574,0.761574,0.761574,0.761574,0.761574
17-1022,0.623313,0.630356,0.609298,0.611189,0.656722,0.655341,0.650801,0.674503,0.674503,0.674503,0.674503,0.674503,0.674503,0.674503
17-2011,0.649217,0.701692,0.666824,0.666125,0.723895,0.713637,0.688639,0.736953,0.736953,0.736953,0.736953,0.736953,0.748875,0.748875
17-2021,0.632576,0.640134,0.643752,0.641367,0.660746,0.651628,0.646448,0.719929,0.719929,0.719929,0.719929,0.719929,0.719929,0.719929
17-2041,0.594732,0.604716,0.622711,0.621403,0.661082,0.651600,0.678016,0.745164,0.745164,0.745164,0.745164,0.745164,0.745164,0.745164
17-2051,0.666496,0.674566,0.648685,0.649862,0.699269,0.707974,0.704651,0.743559,0.743559,0.743559,0.743559,0.756115,0.756115,0.756115
17-2061,0.656298,0.665525,0.634542,0.660112,0.696239,0.684996,0.676420,0.744034,0.744034,0.744034,0.726903,0.726903,0.726903,0.726903
17-2071,0.604265,0.684026,0.653128,0.652235,0.690795,0.681160,0.653166,0.712836,0.712836,0.712836,0.712836,0.712836,0.728410,0.728410
17-2072,0.613879,0.623291,0.608077,0.605807,0.645980,0.635014,0.627548,0.677151,0.677151,0.677151,0.677151,0.673737,0.673737,0.673737
17-2111,0.627223,0.634840,0.690510,0.688078,0.720812,0.712725,0.710496,0.720349,0.720349,0.720349,0.720349,0.720349,0.720349,0.720349
17-2112,0.687616,0.688455,0.662075,0.664395,0.700955,0.694371,0.690692,0.716740,0.716740,0.716740,0.716740,0.716740,0.716740,0.716740
17-2121,0.585401,0.589931,0.562686,0.598061,0.635848,0.627108,0.622340,0.674386,0.674386,0.674386,0.674386,0.674386,0.674386,0.663239
17-2131,0.643762,0.650229,0.615548,0.632641,0.676385,0.667902,0.667117,0.731976,0.731976,0.726972,0.726972,0.726972,0.726972,0.726972
17-2141,0.568892,0.631388,0.599846,0.603363,0.665040,0.653632,0.667374,0.705788,0.705788,0.705788,0.705788,0.705788,0.706131,0.706131
17-2151,0.632174,0.637346,0.641215,0.641745,0.680861,0.670973,0.668018,0.742695,0.742695,0.742695,0.742695,0.742695,0.742695,0.742695
17-2161,0.605714,0.610667,0.650144,0.648378,0.693028,0.682892,0.678330,0.730291,0.730291,0.730291,0.730291,0.730291,0.730291,0.730291
17-2171,0.568198,0.576847,0.659404,0.659651,0.702097,0.691531,0.688360,0.755200,0.755200,0.755200,0.755200,0.755200,0.755200,0.755200
17-3011,0.657130,0.665187,0.645587,0.648051,0.699569,0.689137,0.685053,0.720388,0.720388,0.720388,0.720388,0.720388,0.720388,0.720388
17-3012,0.593471,0.602769,0.571956,0.642424,0.690837,0.678263,0.671531,0.741282,0.741282,0.736803,0.736803,0.736803,0.736803,0.736803
17-3013,0.573426,0.611907,0.583309,0.585672,0.643302,0.632740,0.647197,0.718135,0.718135,0.718135,0.718135,0.718135,0.718135,0.718135
17-3021,0.538170,0.543698,0.513720,0.518494,0.630788,0.621183,0.616464,0.659343,0.659343,0.659343,0.659343,0.659343,0.659343,0.659343
17-3022,0.609910,0.664447,0.637839,0.644353,0.701728,0.693267,0.696123,0.732994,0.732994,0.732994,0.732994,0.732994,0.732994,0.732994
17-3023,0.514348,0.519705,0.588370,0.584836,0.620224,0.632312,0.621887,0.651180,0.651180,0.651180,0.654971,0.654971,0.654971,0.654971
17-3024,0.396353,0.403340,0.376336,0.376336,0.538355,0.529487,0.526483,0.568826,0.568826,0.568826,0.568826,0.568826,0.590011,0.590011
17-3026,0.605901,0.613307,0.638738,0.638394,0.683603,0.674656,0.672381,0.731169,0.702027,0.702027,0.702027,0.667904,0.667904,0.667904
17-3027,0.531145,0.564111,0.540666,0.542426,0.589985,0.581919,0.578785,0.608331,0.608331,0.608331,0.608331,0.608331,0.608331,0.608331
17-3031,0.589685,0.596774,0.558382,0.559286,0.602400,0.623151,0.619394,0.638761,0.638761,0.638761,0.638761,0.638761,0.638761,0.638761
19-1011,0.681200,0.691749,0.719031,0.716584,0.737585,0.756178,0.753067,0.782933,0.782933,0.782933,0.782933,0.782933,0.782933,0.762961
19-1012,0.678275,0.688697,0.657491,0.646046,0.685840,0.677610,0.676584,0.726046,0.726046,0.726046,0.726046,0.726046,0.726046,0.726046
19-1013,0.704587,0.716725,0.685167,0.708117,0.690955,0.684122,0.681457,0.734051,0.734051,0.731658,0.731658,0.748886,0.748886,0.748886
19-1020,0.703727,0.715112,0.694301,0.699424,0.749744,0.746920,0.743414,0.761332,0.761332,0.761332,0.761332,0.761332,0.761332,0.761332
19-1021,0.618498,0.630308,0.600596,0.604770,0.692526,0.683684,0.680806,0.733707,0.733707,0.750999,0.750999,0.750999,0.750999,0.750999
19-1022,0.626317,0.639458,0.641991,0.642595,0.684753,0.723520,0.720997,0.755649,0.755649,0.755649,0.755649,0.755649,0.755649,0.755649
19-1023,0.571383,0.704025,0.684340,0.680942,0.715876,0.707502,0.704465,0.720484,0.720484,0.720484,0.720484,0.720484,0.720484,0.720484
19-1031,0.676646,0.682770,0.653845,0.625152,0.659738,0.651092,0.648160,0.696048,0.706450,0.706450,0.706450,0.706450,0.706450,0.706450
19-1032,0.634488,0.642528,0.617999,0.617960,0.654733,0.645545,0.642722,0.697316,0.697316,0.697316,0.697316,0.697316,0.699559,0.699559
19-1041,0.686977,0.694154,0.764215,0.764260,0.804558,0.836921,0.833794,0.864508,0.864508,0.864508,0.864508,0.864508,0.864508,0.879612
19-1042,0.686977,0.694154,0.665065,0.720810,0.760343,0.752080,0.748176,0.801681,0.801681,0.805944,0.805944,0.805944,0.805944,0.805944
19-2011,0.615779,0.625404,0.586851,0.695789,0.735260,0.726142,0.722169,0.806517,0.808405,0.808405,0.808405,0.808405,0.808405,0.808405
19-2012,0.678352,0.687886,0.653262,0.656902,0.740920,0.733773,0.728101,0.784042,0.784042,0.784042,0.784042,0.784042,0.784042,0.784042
19-2021,0.675044,0.680951,0.653925,0.695304,0.739261,0.728642,0.724418,0.821822,0.821822,0.822852,0.822852,0.822852,0.822852,0.822852
19-2031,0.644708,0.660698,0.631522,0.630596,0.667358,0.657456,0.642523,0.693785,0.693785,0.693785,0.695104,0.695104,0.695104,0.695104
19-2032,0.644112,0.651148,0.616523,0.637982,0.673731,0.664348,0.662944,0.739032,0.739032,0.726482,0.726482,0.726482,0.726482,0.726482
19-2041,0.697313,0.677715,0.656124,0.658970,0.710056,0.701977,0.699836,0.738351,0.738351,0.738351,0.746953,0.746953,0.746953,0.746953
19-2042,0.626848,0.636105,0.673731,0.674639,0.719872,0.747234,0.742639,0.770757,0.770757,0.770757,0.738209,0.738209,0.738209,0.738209
19-2043,0.683249,0.694556,0.653316,0.682531,0.716342,0.708119,0.705110,0.713483,0.713483,0.713483,0.713483,0.713483,0.713483,0.713483
19-3011,0.770438,0.778031,0.739636,0.792955,0.842489,0.834094,0.831934,0.895296,0.895545,0.895545,0.895545,0.895545,0.895545,0.895545
19-3031,0.731163,0.742115,0.809452,0.810389,0.859569,0.854747,0.853513,0.887764,0.887764,0.887764,0.887764,0.887764,0.887764,0.887764
19-3032,0.810281,0.817970,0.782849,0.809331,0.850946,0.844351,0.842200,0.882023,0.882023,0.886230,0.886230,0.886230,0.886230,0.886230
19-3041,0.798309,0.807583,0.834727,0.833727,0.874119,0.869505,0.868368,0.921123,0.921123,0.921123,0.921123,0.921123,0.921123,0.907321
19-3051,0.734369,0.742948,0.724716,0.726089,0.775659,0.769953,0.783591,0.818534,0.818534,0.818534,0.818534,0.833632,0.833632,0.833632
19-3091,0.744699,0.755170,0.792757,0.788958,0.826091,0.819193,0.816693,0.869510,0.858319,0.858319,0.858319,0.858319,0.858319,0.858319
19-3092,0.613725,0.619618,0.752925,0.753084,0.785956,0.816642,0.813757,0.845389,0.845389,0.845389,0.845389,0.845389,0.845389,0.834986
19-3093,0.821187,0.827629,0.747141,0.744230,0.778110,0.770374,0.766442,0.816601,0.816601,0.816601,0.816601,0.816601,0.833486,0.833486
19-3094,0.817986,0.824231,0.834596,0.835827,0.880894,0.877059,0.875213,0.913815,0.913815,0.913815,0.913815,0.913815,0.913815,0.913815
19-4011,0.494768,0.506151,0.581538,0.581925,0.617364,0.610213,0.607092,0.657722,0.657722,0.657722,0.657722,0.674082,0.674082,0.674082
19-4021,0.494768,0.506151,0.565260,0.566721,0.621204,0.614944,0.637888,0.684523,0.684523,0.684523,0.684523,0.684523,0.684523,0.684523
19-4031,0.563658,0.615988,0.588507,0.588909,0.645002,0.636716,0.605464,0.655932,0.655932,0.655932,0.655932,0.656042,0.656042,0.656042
19-4041,0.548634,0.555996,0.529747,0.535410,0.653208,0.643086,0.639167,0.688037,0.688037,0.688037,0.688037,0.688037,0.688037,0.688037
19-4051,0.461045,0.467464,0.437496,0.535309,0.589204,0.583842,0.578353,0.600233,0.600233,0.600233,0.600233,0.600233,0.600233,0.600233
19-4061,0.724161,0.734174,0.703162,0.702873,0.775043,0.765900,0.762261,0.822341,0.822341,0.822341,0.822341,0.822341,0.822341,0.822341
19-4091,0.564555,0.641915,0.620159,0.622090,0.667250,0.621855,0.619924,0.647837,0.647837,0.647837,0.647837,0.647837,0.647837,0.674340
19-4092,0.561887,0.659916,0.637411,0.639402,0.684958,0.677369,0.645567,0.694261,0.694261,0.694261,0.671176,0.671176,0.671176,0.671176
21-1011,0.778157,0.783077,0.807310,0.803968,0.845353,0.838451,0.836888,0.826543,0.826543,0.826543,0.826543,0.833095,0.833095,0.833095
21-1012,0.822568,0.829829,0.821983,0.820016,0.860174,0.854032,0.851239,0.842298,0.842298,0.842298,0.842298,0.842298,0.842298,0.842298
21-1014,0.778157,0.824739,0.813052,0.808537,0.853105,0.847061,0.824249,0.861288,0.861288,0.861288,0.874664,0.874664,0.874664,0.874664
21-1021,0.813946,0.822232,0.810663,0.808996,0.860274,0.856012,0.807180,0.825772,0.825772,0.825772,0.825772,0.825772,0.825772,0.825772
21-1022,0.782818,0.792152,0.778883,0.775258,0.825863,0.825131,0.822625,0.846728,0.846728,0.846728,0.846728,0.851808,0.851808,0.851808
21-1023,0.789995,0.798171,0.781792,0.775522,0.816641,0.808882,0.797830,0.848267,0.848267,0.848267,0.848538,0.848538,0.848538,0.848538
21-1091,0.813641,0.817464,0.794559,0.739065,0.770776,0.763121,0.761158,0.799245,0.799245,0.838171,0.838171,0.838171,0.838171,0.838171
21-1092,0.804781,0.765892,0.751734,0.746695,0.782185,0.776570,0.772659,0.818432,0.811117,0.811117,0.811117,0.811117,0.811117,0.811117
21-1093,0.752551,0.757750,0.723705,0.723882,0.768966,0.731569,0.729193,0.751827,0.751827,0.751827,0.781693,0.781693,0.781693,0.781693
21-2011,0.844344,0.844344,0.830657,0.825984,0.771286,0.764529,0.761025,0.797046,0.797046,0.797046,0.797046,0.797046,0.852475,0.852475
21-2021,0.827814,0.831928,0.802163,0.799518,0.804660,0.800740,0.798866,0.834966,0.834966,0.834966,0.834966,0.834966,0.856257,0.856257
23-1011,0.835630,0.838326,0.795539,0.798671,0.853540,0.848136,0.845739,0.879218,0.879218,0.879218,0.879218,0.879218,0.879218,0.864385
23-1012,0.802848,0.808146,0.792419,0.794908,0.850597,0.845766,0.843692,0.851318,0.851318,0.851318,0.871049,0.871049,0.871049,0.871049
23-1021,0.807776,0.813541,0.792243,0.793310,0.844806,0.841191,0.836922,0.863741,0.864041,0.864041,0.864041,0.864041,0.864041,0.864041
23-1022,0.807776,0.813541,0.792243,0.788816,0.850954,0.846268,0.841921,0.864875,0.864875,0.895284,0.895284,0.895284,0.895284,0.895284
23-1023,0.765739,0.772461,0.797431,0.796714,0.842573,0.835680,0.832479,0.874084,0.877315,0.877315,0.877315,0.877315,0.877315,0.877315
23-2011,0.804601,0.753429,0.734401,0.739172,0.798423,0.792920,0.823345,0.863445,0.863445,0.863445,0.863445,0.863445,0.863445,0.863445
23-2093,0.717497,0.722969,0.702447,0.720786,0.797552,0.786648,0.784968,0.870585,0.870585,0.870585,0.870585,0.870585,0.870585,0.870585
25-1021,0.705915,0.712660,0.725419,0.724720,0.760469,0.750951,0.742913,0.806172,0.811526,0.811526,0.811526,0.811526,0.811526,0.811526
25-1022,0.793398,0.799129,0.756647,0.762290,0.817120,0.810455,0.807366,0.864027,0.873660,0.873660,0.873660,0.873660,0.873660,0.873660
25-1032,0.682818,0.688933,0.699689,0.698654,0.730610,0.721752,0.714188,0.775014,0.785964,0.785964,0.785964,0.785964,0.785964,0.785964
25-1041,0.773726,0.781072,0.730780,0.728665,0.755728,0.747943,0.744311,0.817272,0.805379,0.805379,0.805379,0.805379,0.805379,0.805379
25-1042,0.773726,0.781072,0.734065,0.733735,0.768886,0.761167,0.758855,0.827314,0.827737,0.827737,0.827737,0.827737,0.827737,0.827737
25-1043,0.773726,0.781072,0.737299,0.735053,0.763056,0.755801,0.752039,0.823233,0.836910,0.836910,0.836910,0.836910,0.836910,0.836910
25-1052,0.687665,0.695971,0.702203,0.703502,0.742914,0.735383,0.733385,0.797455,0.800397,0.800397,0.800397,0.800397,0.800397,0.800397
25-1054,0.700846,0.707846,0.707878,0.709565,0.744594,0.736774,0.730325,0.811096,0.809185,0.809185,0.809185,0.809185,0.809185,0.809185
25-1061,0.825730,0.828983,0.799471,0.800876,0.838585,0.833233,0.831167,0.879076,0.872360,0.872360,0.872360,0.872360,0.872360,0.872360
25-1062,0.825730,0.828983,0.823266,0.824414,0.865017,0.858712,0.856437,0.897366,0.894814,0.894814,0.894814,0.894814,0.894814,0.894814
25-1063,0.825730,0.828983,0.785458,0.788976,0.837900,0.832285,0.828930,0.870322,0.873676,0.873676,0.873676,0.873676,0.873676,0.873676
25-1065,0.825730,0.828983,0.827514,0.828496,0.868690,0.862661,0.859133,0.906103,0.904987,0.904987,0.904987,0.904987,0.904987,0.904987
25-1066,0.825730,0.828983,0.811319,0.810208,0.854085,0.847872,0.845468,0.900149,0.891040,0.891040,0.891040,0.891040,0.891040,0.891040
25-1067,0.825730,0.828983,0.823054,0.822962,0.866664,0.859714,0.857389,0.908262,0.921895,0.921895,0.921895,0.921895,0.921895,0.921895
25-1071,0.762822,0.769838,0.764916,0.763519,0.799437,0.792493,0.790218,0.852677,0.831343,0.831343,0.831343,0.831343,0.831343,0.831343
25-1072,0.675709,0.683335,0.759404,0.757642,0.795065,0.788614,0.785724,0.834352,0.804075,0.804075,0.804075,0.804075,0.804075,0.804075
25-1121,0.722970,0.726245,0.761945,0.762266,0.800348,0.794405,0.792088,0.835013,0.837737,0.837737,0.837737,0.837737,0.837737,0.837737
25-1123,0.824139,0.828323,0.823046,0.822501,0.864550,0.858205,0.855908,0.897129,0.913567,0.913567,0.913567,0.913567,0.913567,0.913567
25-1124,0.824139,0.828323,0.820262,0.819501,0.863318,0.858679,0.856249,0.897865,0.885006,0.885006,0.885006,0.885006,0.885006,0.885006
25-1125,0.825730,0.828983,0.825238,0.823612,0.864942,0.857771,0.854186,0.906257,0.907234,0.907234,0.907234,0.907234,0.907234,0.907234
25-1191,0.766160,0.772296,0.739602,0.741716,0.785750,0.777851,0.775068,0.816704,0.816704,0.816704,0.816704,0.816704,0.816704,0.820581
25-1194,0.719924,0.724352,0.691738,0.691101,0.724601,0.717022,0.713815,0.768071,0.767703,0.767703,0.767703,0.767703,0.767703,0.767703
25-2011,0.666929,0.674883,0.704171,0.704340,0.744635,0.739588,0.737670,0.760866,0.760866,0.760866,0.760866,0.760866,0.760866,0.760866
25-2012,0.645246,0.654024,0.733465,0.733055,0.771817,0.765642,0.763785,0.808798,0.808798,0.808798,0.808798,0.808798,0.808798,0.808798
25-2021,0.668916,0.678097,0.747579,0.747603,0.788768,0.782383,0.780325,0.829961,0.829961,0.829961,0.829961,0.829961,0.829961,0.829961
25-2022,0.756379,0.763207,0.740845,0.741548,0.780389,0.773355,0.770915,0.822165,0.822165,0.822165,0.822165,0.822165,0.822165,0.822165
25-2023,0.756379,0.763207,0.670898,0.669342,0.699765,0.692968,0.689569,0.740318,0.740318,0.723472,0.723472,0.723472,0.723472,0.723472
25-2031,0.756379,0.763207,0.733451,0.733042,0.769002,0.761965,0.758995,0.818033,0.818033,0.818033,0.818033,0.818033,0.818033,0.818033
25-2032,0.756379,0.763207,0.662259,0.660666,0.690490,0.683274,0.679109,0.733581,0.733581,0.733581,0.733581,0.733581,0.733581,0.733581
25-2053,0.773364,0.780630,0.746778,0.747859,0.789548,0.783419,0.781233,0.852718,0.852718,0.852718,0.852718,0.852718,0.852718,0.852718
25-2054,0.773364,0.780630,0.766185,0.766495,0.807923,0.801708,0.799695,0.817500,0.817500,0.817500,0.817500,0.817500,0.817500,0.817500
25-3011,0.760945,0.766019,0.766833,0.767525,0.810842,0.803870,0.801307,0.856921,0.856921,0.856921,0.856921,0.856921,0.856921,0.856921
25-3021,0.760945,0.766019,0.749669,0.715972,0.754651,0.748733,0.747515,0.778321,0.773446,0.773446,0.773446,0.773446,0.773446,0.773446
25-4011,0.762299,0.771670,0.750836,0.724748,0.766474,0.757995,0.755458,0.809473,0.822746,0.822746,0.822746,0.822746,0.822746,0.822746
25-4012,0.762154,0.683978,0.675493,0.676418,0.722270,0.716069,0.713135,0.805146,0.805146,0.805146,0.805146,0.805146,0.805146,0.805146
25-4013,0.605752,0.611800,0.652154,0.652380,0.681760,0.672690,0.670496,0.685908,0.685908,0.685908,0.685908,0.685908,0.685908,0.685908
25-4021,0.687415,0.726930,0.708922,0.706176,0.749413,0.741040,0.761518,0.826196,0.826196,0.826196,0.826196,0.826196,0.826196,0.826196
25-4031,0.670958,0.685088,0.670707,0.671919,0.723629,0.717871,0.718155,0.756654,0.756654,0.756654,0.756654,0.756654,0.756654,0.756654
25-9011,0.625434,0.633627,0.692782,0.689265,0.718350,0.709442,0.701818,0.685905,0.685905,0.685905,0.685905,0.685905,0.685905,0.685905
25-9021,0.693411,0.699352,0.671699,0.671213,0.740246,0.733633,0.730856,0.771461,0.771461,0.771461,0.771461,0.771461,0.767774,0.767774
25-9031,0.785873,0.791932,0.765250,0.763844,0.797369,0.790016,0.785780,0.840662,0.840662,0.840662,0.840662,0.840662,0.840662,0.840662
25-9041,0.738887,0.743087,0.721841,0.741757,0.789058,0.784110,0.781802,0.812258,0.791069,0.791069,0.791069,0.791069,0.791069,0.791069
27-1011,0.716458,0.726191,0.716410,0.715217,0.765804,0.755828,0.751642,0.812567,0.812567,0.810369,0.810369,0.810369,0.810369,0.810369
27-1013,0.555934,0.563497,0.566750,0.575969,0.645289,0.635449,0.634271,0.667141,0.667141,0.667141,0.667141,0.667141,0.667141,0.667141
27-1021,0.632105,0.639622,0.653375,0.651640,0.698339,0.687838,0.685433,0.715363,0.715363,0.715363,0.715363,0.715363,0.715363,0.715363
27-1022,0.623572,0.630186,0.615725,0.612057,0.721833,0.710261,0.708724,0.774992,0.774992,0.774992,0.774992,0.774992,0.774992,0.774992
27-1023,0.629928,0.690893,0.681850,0.679603,0.709399,0.700946,0.696285,0.739298,0.739298,0.739298,0.739298,0.739298,0.724497,0.724497
27-1024,0.673583,0.684106,0.679577,0.673827,0.714402,0.791003,0.786332,0.807996,0.807996,0.807996,0.807996,0.807996,0.807996,0.806475
27-1025,0.712610,0.718414,0.703286,0.701697,0.738861,0.730134,0.732693,0.786076,0.786076,0.786076,0.786076,0.786076,0.786076,0.786076
27-1026,0.506886,0.518679,0.516405,0.630831,0.671365,0.664540,0.661899,0.687543,0.687543,0.687543,0.687543,0.687543,0.690673,0.690673
27-1027,0.611866,0.618256,0.601667,0.634338,0.659978,0.652041,0.649082,0.678042,0.678042,0.678042,0.678042,0.695782,0.695782,0.695782
27-2011,0.554968,0.561669,0.562637,0.741316,0.788718,0.785714,0.782031,0.798739,0.798739,0.798739,0.798739,0.798739,0.798739,0.798739
27-2012,0.728058,0.733405,0.714011,0.713536,0.751890,0.743748,0.737766,0.800666,0.815916,0.815916,0.815916,0.815916,0.815916,0.815916
27-2021,0.426527,0.429404,0.414554,0.411318,0.627808,0.622908,0.621074,0.675069,0.675069,0.675069,0.675069,0.675069,0.675069,0.651811
27-2022,0.619805,0.711063,0.697546,0.697332,0.734421,0.728061,0.725689,0.759809,0.743814,0.743814,0.743814,0.743814,0.743814,0.743814
27-2023,0.546245,0.552901,0.691131,0.690793,0.731784,0.728342,0.725960,0.745247,0.745247,0.745247,0.745247,0.737207,0.737207,0.737207
27-2031,0.473624,0.477446,0.482798,0.607742,0.654326,0.650984,0.650257,0.664417,0.664417,0.664417,0.664417,0.664417,0.664417,0.664417
27-2032,0.570850,0.576806,0.581571,0.580380,0.745833,0.739012,0.736710,0.754780,0.754780,0.754780,0.754780,0.754780,0.754780,0.754780
27-2041,0.697826,0.705993,0.700716,0.697261,0.754216,0.746563,0.741492,0.789466,0.789466,0.789466,0.789466,0.789466,0.789466,0.789466
27-2042,0.674966,0.678682,0.691317,0.688654,0.749900,0.742716,0.741150,0.777930,0.777930,0.777930,0.777930,0.777930,0.777930,0.777930
27-3011,0.727419,0.731260,0.742446,0.738522,0.781910,0.774837,0.766589,0.816206,0.816206,0.816206,0.816206,0.816206,0.816206,0.763643
27-3012,0.614804,0.622943,0.603952,0.622306,0.659979,0.653862,0.649076,0.701218,0.701218,0.701218,0.701218,0.701218,0.701218,0.737938
27-3021,0.756452,0.765850,0.757139,0.742221,0.785935,0.779508,0.770807,0.820719,0.820719,0.820719,0.820719,0.820719,0.820719,0.820719
27-3022,0.732234,0.735692,0.773930,0.769730,0.819677,0.813754,0.809473,0.842156,0.842156,0.842156,0.842156,0.838140,0.838140,0.838140
27-3031,0.747283,0.844968,0.835329,0.835381,0.875835,0.867097,0.846377,0.874291,0.874291,0.874291,0.874291,0.870490,0.870490,0.870490
27-3041,0.706627,0.779948,0.770448,0.769188,0.818021,0.811898,0.795560,0.828392,0.828392,0.828392,0.828392,0.828392,0.828392,0.828392
27-3042,0.691887,0.698992,0.742753,0.735789,0.770550,0.760202,0.754848,0.817813,0.817813,0.799120,0.799120,0.799120,0.799120,0.799120
27-3043,0.661545,0.676129,0.675764,0.786104,0.820404,0.812170,0.792672,0.849935,0.849935,0.849935,0.849935,0.849935,0.849935,0.849935
27-3091,0.735074,0.737913,0.732756,0.731247,0.784186,0.778520,0.775617,0.805876,0.805876,0.821794,0.821794,0.821794,0.821794,0.821794
27-4011,0.625434,0.633627,0.580918,0.578871,0.614323,0.608303,0.600742,0.663081,0.663081,0.663081,0.663081,0.663081,0.663081,0.663081
27-4012,0.528402,0.535024,0.593316,0.590791,0.629284,0.621342,0.609819,0.634634,0.634634,0.634634,0.634634,0.634634,0.634634,0.634634
27-4013,0.570049,0.577150,0.557729,0.554889,0.614642,0.697945,0.689802,0.740877,0.740877,0.740877,0.740877,0.740877,0.740877,0.740877
27-4014,0.529731,0.537682,0.519992,0.585300,0.619605,0.612095,0.604908,0.691583,0.691583,0.691583,0.691583,0.691583,0.691583,0.691583
27-4021,0.497262,0.505559,0.495133,0.568393,0.651740,0.642523,0.638871,0.682776,0.682776,0.682776,0.682776,0.698748,0.698748,0.698748
27-4031,0.514067,0.521264,0.584249,0.584525,0.624304,0.617475,0.610715,0.631022,0.631022,0.631022,0.631022,0.631022,0.631022,0.631022
27-4032,0.595589,0.604411,0.636028,0.636886,0.678638,0.669606,0.663696,0.764449,0.764449,0.764449,0.764449,0.764449,0.764449,0.764449
29-1011,0.638786,0.644434,0.692673,0.690886,0.727347,0.726091,0.723464,0.745875,0.745875,0.745875,0.754875,0.754875,0.754875,0.754875
29-1021,0.652563,0.658603,0.642579,0.641030,0.671001,0.664108,0.662015,0.710745,0.710745,0.710745,0.710745,0.707319,0.707319,0.707319
29-1022,0.636578,0.640156,0.617135,0.644936,0.683462,0.675925,0.673923,0.712678,0.712678,0.719104,0.719104,0.719104,0.719104,0.719104
29-1023,0.665205,0.668713,0.647492,0.681788,0.715172,0.706314,0.705163,0.755774,0.755774,0.753649,0.753649,0.753649,0.753649,0.753649
29-1024,0.649529,0.653139,0.627541,0.666615,0.697773,0.690032,0.687129,0.726409,0.726409,0.713411,0.713411,0.713411,0.713411,0.713411
29-1031,0.764614,0.773770,0.756283,0.757382,0.799428,0.794781,0.782613,0.822431,0.822431,0.822431,0.822431,0.841352,0.841352,0.841352
29-1041,0.673857,0.680762,0.665164,0.661264,0.710209,0.728258,0.725176,0.752589,0.752589,0.752589,0.752589,0.764737,0.764737,0.764737
29-1051,0.726652,0.745970,0.725581,0.729947,0.784016,0.779260,0.750134,0.785188,0.785188,0.785188,0.793214,0.793214,0.793214,0.793214
29-1061,0.650156,0.654458,0.629719,0.644371,0.684008,0.675963,0.672760,0.732787,0.732787,0.726106,0.726106,0.726106,0.726106,0.726106
29-1062,0.648583,0.654330,0.629965,0.740218,0.782196,0.775801,0.774546,0.822830,0.819725,0.819725,0.819725,0.819725,0.819725,0.819725
29-1063,0.648583,0.654330,0.629965,0.729047,0.769010,0.761728,0.757687,0.816099,0.816099,0.819026,0.819026,0.819026,0.819026,0.819026
29-1064,0.648583,0.654330,0.629965,0.686318,0.728276,0.720756,0.716418,0.773178,0.771653,0.771653,0.771653,0.771653,0.771653,0.771653
29-1065,0.648583,0.654330,0.629965,0.745300,0.792078,0.785655,0.784353,0.831414,0.831414,0.823687,0.823687,0.823687,0.823687,0.823687
29-1066,0.788771,0.788925,0.770040,0.765049,0.801868,0.837652,0.835294,0.862670,0.862670,0.862670,0.862670,0.859601,0.859601,0.859601
29-1067,0.585391,0.594819,0.571045,0.649100,0.693977,0.686766,0.683919,0.734484,0.731101,0.731101,0.731101,0.731101,0.731101,0.731101
29-1071,0.691734,0.696414,0.737935,0.739790,0.790752,0.759456,0.757664,0.781185,0.781185,0.781185,0.781185,0.777807,0.777807,0.777807
29-1081,0.626635,0.630439,0.611655,0.691449,0.734140,0.728097,0.724725,0.762693,0.769430,0.769430,0.769430,0.769430,0.769430,0.769430
29-1122,0.710696,0.718377,0.705056,0.702774,0.746489,0.737267,0.735174,0.757476,0.757476,0.757476,0.757476,0.767630,0.767630,0.767630
29-1123,0.666361,0.673297,0.662540,0.662946,0.708322,0.714741,0.712228,0.735494,0.735494,0.735494,0.742667,0.742667,0.742667,0.742667
29-1124,0.562128,0.571586,0.616392,0.618358,0.669809,0.641232,0.638667,0.662395,0.662395,0.662395,0.673996,0.673996,0.673996,0.673996
29-1125,0.695014,0.702100,0.699704,0.697642,0.737070,0.727204,0.724726,0.743008,0.743008,0.743008,0.743008,0.743008,0.743008,0.753013
29-1126,0.639975,0.647977,0.631894,0.630834,0.679402,0.675942,0.658678,0.682204,0.682204,0.682204,0.687718,0.687718,0.687718,0.687718
29-1127,0.760605,0.756974,0.740328,0.741399,0.792254,0.785984,0.772530,0.803502,0.803502,0.803502,0.823087,0.823087,0.823087,0.823087
29-1131,0.647824,0.654482,0.646411,0.647245,0.685439,0.678638,0.693626,0.745040,0.745040,0.745040,0.733445,0.733445,0.733445,0.733445
29-1141,0.637858,0.698970,0.683839,0.680428,0.727811,0.691717,0.689353,0.716005,0.716005,0.716005,0.729431,0.729431,0.729431,0.729431
29-1181,0.760605,0.765044,0.741788,0.688289,0.722928,0.716037,0.712927,0.753176,0.753176,0.753176,0.753176,0.759103,0.759103,0.759103
29-2011,0.640992,0.598958,0.578869,0.580398,0.634011,0.648871,0.645352,0.676204,0.676204,0.676204,0.680661,0.680661,0.680661,0.680661
29-2012,0.530150,0.615316,0.592732,0.593269,0.647266,0.641778,0.630736,0.663425,0.663425,0.663425,0.663425,0.675596,0.675596,0.675596
29-2021,0.654266,0.661838,0.653964,0.651995,0.698761,0.694067,0.691067,0.714452,0.714452,0.714452,0.709121,0.709121,0.709121,0.709121
29-2031,0.633427,0.640221,0.635115,0.633094,0.673607,0.681506,0.677613,0.698611,0.698611,0.698611,0.698611,0.682713,0.682713,0.682713
29-2032,0.609027,0.617567,0.597982,0.596252,0.640796,0.653133,0.650731,0.670211,0.670211,0.670211,0.680393,0.680393,0.680393,0.680393
29-2033,0.652930,0.660107,0.616320,0.616162,0.657615,0.669228,0.665535,0.684932,0.684932,0.684932,0.692729,0.692729,0.692729,0.692729
29-2034,0.602855,0.610700,0.593478,0.592921,0.645074,0.644640,0.640485,0.660654,0.660654,0.660654,0.680665,0.680665,0.680665,0.680665
29-2041,0.576000,0.582015,0.568024,0.566852,0.604828,0.637454,0.632004,0.653578,0.653578,0.653578,0.649258,0.649258,0.649258,0.649258
29-2051,0.724727,0.731892,0.667920,0.667637,0.722386,0.674672,0.673633,0.702266,0.702266,0.702266,0.710361,0.710361,0.710361,0.710361
29-2052,0.665096,0.704230,0.680461,0.684485,0.742401,0.738581,0.708993,0.731161,0.731161,0.731161,0.738303,0.738303,0.738303,0.738303
29-2053,0.721473,0.722939,0.671734,0.670368,0.708363,0.705361,0.702994,0.726718,0.726718,0.726718,0.726718,0.733145,0.733145,0.733145
29-2054,0.638454,0.644703,0.625402,0.620706,0.654539,0.646626,0.635113,0.681263,0.681263,0.681263,0.681263,0.686894,0.686894,0.686894
29-2055,0.605738,0.613549,0.598930,0.597655,0.642400,0.631703,0.629326,0.651131,0.651131,0.651131,0.656992,0.656992,0.656992,0.656992
29-2061,0.665149,0.671698,0.653078,0.648215,0.687373,0.694289,0.692164,0.713682,0.713682,0.713682,0.723464,0.723464,0.723464,0.723464
29-2071,0.712005,0.722871,0.704123,0.699748,0.752079,0.760355,0.755427,0.771720,0.771720,0.771720,0.797508,0.797508,0.797508,0.797508
29-2081,0.698526,0.700632,0.697463,0.695184,0.738708,0.732707,0.694930,0.735616,0.735616,0.735616,0.735616,0.735616,0.743887,0.743887
29-2091,0.593902,0.601828,0.578049,0.649397,0.679181,0.670447,0.667841,0.716951,0.716951,0.715482,0.715482,0.715482,0.715482,0.715482
29-9011,0.620826,0.627257,0.600371,0.602350,0.707559,0.699796,0.696861,0.743545,0.743545,0.725871,0.725871,0.725871,0.725871,0.725871
29-9091,0.587290,0.593864,0.692657,0.688422,0.714400,0.706628,0.704024,0.723361,0.723361,0.723361,0.723361,0.719477,0.719477,0.719477
31-1011,0.644460,0.646159,0.624037,0.624152,0.665469,0.662191,0.659028,0.694367,0.694367,0.694367,0.694367,0.702050,0.702050,0.702050
31-1013,0.580757,0.689561,0.680946,0.675644,0.719224,0.714002,0.711086,0.708999,0.708999,0.708999,0.708999,0.709596,0.709596,0.709596
31-2011,0.655709,0.658252,0.654942,0.651882,0.688847,0.680053,0.677379,0.733783,0.733783,0.733783,0.733783,0.734743,0.734743,0.734743
31-2012,0.655709,0.658252,0.645757,0.629021,0.662789,0.657194,0.653743,0.701298,0.701298,0.721035,0.721035,0.721035,0.721035,0.721035
31-2021,0.684420,0.678176,0.665139,0.662849,0.697140,0.698068,0.694946,0.719617,0.719617,0.719617,0.717867,0.717867,0.717867,0.717867
31-2022,0.684420,0.687194,0.639897,0.639406,0.676770,0.662512,0.660042,0.676215,0.676215,0.676215,0.693273,0.693273,0.693273,0.693273
31-9091,0.628003,0.635404,0.621861,0.622798,0.661947,0.654004,0.643988,0.683418,0.683418,0.683418,0.687498,0.687498,0.687498,0.687498
31-9092,0.571384,0.701522,0.682261,0.679524,0.724978,0.739765,0.737714,0.759082,0.759082,0.759082,0.744060,0.744060,0.744060,0.744060
31-9093,0.472028,0.477903,0.614292,0.608791,0.637275,0.629499,0.626749,0.622101,0.622101,0.622101,0.622101,0.632754,0.632754,0.632754
31-9096,0.523948,0.531140,0.623544,0.619805,0.664343,0.659300,0.639111,0.677419,0.677419,0.677419,0.693406,0.693406,0.693406,0.693406
33-1012,0.646219,0.652925,0.638769,0.637732,0.673892,0.693012,0.687100,0.710826,0.710826,0.710826,0.710826,0.710826,0.710826,0.716226
33-1021,0.569167,0.574852,0.604718,0.602501,0.634194,0.628239,0.606620,0.639536,0.639536,0.639536,0.639536,0.639536,0.639536,0.639536
33-2011,0.446144,0.544274,0.534260,0.531064,0.563280,0.558152,0.570624,0.592607,0.592607,0.592607,0.592607,0.592607,0.592607,0.592607
33-2021,0.555505,0.563465,0.647430,0.642429,0.672131,0.664106,0.639084,0.674008,0.674008,0.674008,0.674008,0.674008,0.674008,0.674008
33-2022,0.552338,0.558692,0.540631,0.536525,0.679442,0.672668,0.665274,0.700833,0.700833,0.700833,0.700833,0.700833,0.700833,0.700833
33-3011,0.573688,0.716160,0.711516,0.709918,0.745560,0.741881,0.733227,0.741025,0.728565,0.728565,0.728565,0.728565,0.728565,0.728565
33-3012,0.545745,0.624974,0.613073,0.613763,0.654717,0.654865,0.649125,0.665311,0.665311,0.665311,0.665311,0.665311,0.665311,0.676399
33-3021,0.657662,0.665478,0.653331,0.652807,0.697428,0.694791,0.688692,0.706534,0.706534,0.706534,0.706534,0.706534,0.706534,0.714449
33-3031,0.604035,0.609862,0.591216,0.621236,0.654456,0.649794,0.645697,0.667519,0.667519,0.667519,0.667519,0.667301,0.667301,0.667301
33-3041,0.561420,0.566393,0.551287,0.624255,0.673640,0.670567,0.665756,0.658070,0.658070,0.658070,0.658070,0.658070,0.658070,0.659607
33-3051,0.615560,0.621255,0.608611,0.608573,0.648346,0.649398,0.643449,0.658892,0.658892,0.658892,0.658892,0.658892,0.658892,0.681334
33-3052,0.567068,0.572540,0.551654,0.622235,0.660253,0.655797,0.649147,0.651970,0.651970,0.651970,0.651970,0.651970,0.651970,0.651970
33-9011,0.596188,0.603662,0.581581,0.641392,0.673668,0.669216,0.663415,0.684317,0.684317,0.684317,0.684317,0.684317,0.684317,0.684317
33-9021,0.623042,0.628244,0.603648,0.600324,0.740684,0.732497,0.728264,0.764917,0.764917,0.764917,0.764917,0.764917,0.769027,0.769027
33-9032,0.498459,0.641743,0.631453,0.628164,0.674332,0.635437,0.633088,0.642533,0.642533,0.642533,0.642533,0.642533,0.642533,0.685433
33-9091,0.501652,0.504483,0.490939,0.488580,0.649325,0.647871,0.647253,0.684014,0.684014,0.684014,0.684014,0.684014,0.684014,0.675086
33-9092,0.492047,0.498341,0.629266,0.625390,0.668498,0.663869,0.662196,0.705476,0.670627,0.670627,0.670627,0.670627,0.670627,0.670627
35-1011,0.603009,0.610992,0.588671,0.587135,0.648425,0.642106,0.640054,0.691826,0.691826,0.691826,0.702722,0.702722,0.702722,0.702722
35-1012,0.671206,0.698120,0.680070,0.681219,0.717105,0.710696,0.708774,0.703496,0.703496,0.703496,0.703496,0.703496,0.703496,0.703496
35-2011,0.559624,0.561128,0.603548,0.598998,0.620676,0.615910,0.610037,0.647314,0.688452,0.688452,0.688452,0.688452,0.688452,0.688452
35-2012,0.645508,0.652865,0.628914,0.607936,0.642984,0.637549,0.635975,0.676720,0.676720,0.676171,0.676171,0.676171,0.676171,0.676171
35-2014,0.588827,0.595377,0.579205,0.581039,0.626939,0.623753,0.622069,0.635595,0.635595,0.635595,0.635595,0.635595,0.635595,0.635595
35-2015,0.582542,0.579761,0.560133,0.553229,0.593471,0.586270,0.585087,0.661016,0.661016,0.661016,0.661016,0.661016,0.661016,0.661016
35-2021,0.470520,0.607898,0.592878,0.591185,0.626150,0.620887,0.619471,0.633227,0.633227,0.633227,0.633227,0.633227,0.633227,0.633227
35-3011,0.531427,0.668654,0.655297,0.654914,0.703688,0.700883,0.698652,0.689030,0.689030,0.689030,0.689030,0.689030,0.689030,0.689030
35-3021,0.545939,0.662396,0.644240,0.641495,0.675793,0.672755,0.668436,0.681516,0.681516,0.681516,0.681516,0.681516,0.681516,0.681516
35-3022,0.612756,0.660482,0.642539,0.641351,0.678194,0.673708,0.671484,0.714355,0.714355,0.714355,0.714355,0.714355,0.714355,0.714355
35-3031,0.527462,0.690193,0.672514,0.671621,0.709931,0.704919,0.703203,0.697748,0.697748,0.697748,0.697748,0.697748,0.697748,0.697748
35-3041,0.575570,0.579216,0.551626,0.553266,0.647963,0.639684,0.638327,0.673036,0.673036,0.673036,0.673036,0.674719,0.674719,0.674719
35-9011,0.510497,0.515846,0.497593,0.494116,0.608733,0.603668,0.602729,0.623521,0.623521,0.623521,0.623521,0.657223,0.657223,0.657223
35-9021,0.409213,0.422287,0.409550,0.413253,0.547621,0.539978,0.538422,0.563316,0.563316,0.563316,0.563316,0.589212,0.589212,0.589212
35-9031,0.750050,0.706500,0.689201,0.689452,0.745969,0.742022,0.739797,0.724459,0.724459,0.724459,0.724459,0.724459,0.724459,0.724459
37-1011,0.752138,0.754207,0.728517,0.618068,0.630122,0.624224,0.619045,0.667237,0.685083,0.685083,0.685083,0.685083,0.685083,0.685083
37-1012,0.702494,0.709621,0.684257,0.615389,0.610398,0.601002,0.599165,0.638671,0.638671,0.638671,0.638671,0.638671,0.676838,0.676838
37-2011,0.368167,0.375412,0.362553,0.551026,0.583330,0.577027,0.573053,0.587519,0.587519,0.587519,0.587519,0.596000,0.596000,0.596000
37-2012,0.458861,0.466174,0.452571,0.601786,0.624964,0.619979,0.612835,0.647618,0.647618,0.665937,0.665937,0.665937,0.665937,0.665937
37-2021,0.562749,0.569463,0.539462,0.615933,0.648325,0.644218,0.641254,0.652727,0.652727,0.652727,0.652727,0.652727,0.626312,0.626312
37-3011,0.422020,0.432443,0.413824,0.511176,0.545270,0.540067,0.537916,0.560786,0.560786,0.560786,0.560786,0.560786,0.552310,0.552310
37-3012,0.441971,0.448000,0.423784,0.419262,0.603528,0.596457,0.595471,0.621885,0.621885,0.621885,0.621885,0.621885,0.623399,0.623399
37-3013,0.393264,0.402751,0.392374,0.387630,0.558540,0.552856,0.550650,0.575204,0.575204,0.575204,0.575204,0.575204,0.575204,0.575204
39-1011,0.736953,0.741842,0.725776,0.725149,0.772064,0.765572,0.763834,0.815524,0.815524,0.815524,0.815524,0.818368,0.818368,0.818368
39-1021,0.683998,0.690105,0.667511,0.664153,0.714135,0.707604,0.704265,0.733381,0.733381,0.733381,0.733381,0.733381,0.778439,0.778439
39-2011,0.620245,0.628866,0.616904,0.625098,0.659089,0.653143,0.651395,0.674167,0.674167,0.674167,0.674167,0.697267,0.697267,0.697267
39-2021,0.529333,0.535624,0.618613,0.618335,0.658781,0.653639,0.650887,0.679836,0.669006,0.669006,0.669006,0.669006,0.669006,0.669006
39-3011,0.559325,0.567632,0.659648,0.663482,0.724735,0.723208,0.719438,0.726440,0.734132,0.734132,0.734132,0.734132,0.734132,0.734132
39-3012,0.559325,0.567632,0.547133,0.667840,0.724420,0.722969,0.718552,0.736847,0.736847,0.736847,0.736847,0.754698,0.754698,0.754698
39-3021,0.387618,0.391759,0.386582,0.530063,0.562554,0.556699,0.552954,0.570665,0.570665,0.570665,0.570665,0.570665,0.570665,0.570665
39-3031,0.616992,0.620594,0.637080,0.638495,0.688978,0.683723,0.681460,0.719997,0.719997,0.719997,0.719997,0.719997,0.709227,0.709227
39-3091,0.493133,0.500260,0.648333,0.645964,0.692485,0.688056,0.686476,0.684944,0.694018,0.694018,0.694018,0.694018,0.694018,0.694018
39-3092,0.563423,0.574867,0.562889,0.660228,0.695038,0.683726,0.679901,0.688100,0.688100,0.688100,0.688100,0.688100,0.688100,0.681968
39-3093,0.571295,0.578023,0.679223,0.674417,0.731214,0.726165,0.724175,0.747377,0.751662,0.751662,0.751662,0.751662,0.751662,0.751662
39-4011,0.558238,0.562324,0.644717,0.640239,0.666295,0.659044,0.656664,0.705511,0.705511,0.680026,0.680026,0.680026,0.680026,0.680026
39-4021,0.543146,0.549052,0.683755,0.679543,0.708634,0.703730,0.699910,0.726781,0.726781,0.726781,0.726781,0.713261,0.713261,0.713261
39-5011,0.630988,0.635014,0.617603,0.646573,0.687433,0.680108,0.678831,0.709231,0.709231,0.709231,0.709231,0.709231,0.709231,0.709231
39-5012,0.658685,0.666487,0.652189,0.653550,0.695424,0.685977,0.684956,0.717544,0.717544,0.717544,0.717544,0.717544,0.717544,0.713677
39-5091,0.536310,0.544740,0.540640,0.537957,0.595440,0.679849,0.678471,0.716910,0.716910,0.716910,0.716910,0.716910,0.716910,0.716910
39-5092,0.585515,0.593732,0.582345,0.676995,0.717542,0.711427,0.710908,0.746152,0.746152,0.746152,0.746152,0.746152,0.725281,0.725281
39-6011,0.594486,0.648552,0.635423,0.632278,0.677077,0.670385,0.667496,0.642781,0.642781,0.642781,0.642781,0.642781,0.642781,0.642781
39-7011,0.610629,0.615505,0.739778,0.735517,0.782564,0.778052,0.776226,0.807168,0.783173,0.783173,0.783173,0.783173,0.783173,0.783173
39-7012,0.594125,0.599688,0.580021,0.580855,0.738137,0.727937,0.725802,0.773422,0.773422,0.773422,0.773422,0.773422,0.773422,0.773422
39-9011,0.657306,0.681076,0.672395,0.667413,0.711328,0.707569,0.706316,0.732661,0.732661,0.732661,0.732661,0.732661,0.732661,0.732661
39-9021,0.711042,0.644441,0.632007,0.629308,0.676072,0.670880,0.669889,0.706732,0.706732,0.706732,0.706732,0.702593,0.702593,0.702593
39-9031,0.580779,0.587535,0.650680,0.646534,0.677436,0.670980,0.654951,0.687558,0.687558,0.687558,0.687558,0.683828,0.683828,0.683828
39-9032,0.663122,0.722116,0.706891,0.702253,0.738489,0.731531,0.706929,0.745798,0.745798,0.745798,0.745798,0.745798,0.745798,0.745798
39-9041,0.696693,0.704049,0.782825,0.780804,0.818818,0.812754,0.810267,0.839914,0.780835,0.780835,0.780835,0.780835,0.780835,0.780835
41-1011,0.663347,0.671258,0.648764,0.652429,0.697727,0.690892,0.689647,0.736128,0.736128,0.736128,0.736128,0.736128,0.736128,0.736128
41-1012,0.789146,0.793553,0.762797,0.767895,0.813346,0.804996,0.798971,0.838539,0.838539,0.849853,0.849853,0.849853,0.849853,0.849853
41-2011,0.592420,0.614963,0.593931,0.596332,0.656410,0.652321,0.647809,0.721608,0.721608,0.721608,0.721608,0.721608,0.721608,0.721608
41-2021,0.665778,0.676889,0.656000,0.657333,0.707798,0.704768,0.701980,0.728917,0.728917,0.728917,0.728917,0.728917,0.728917,0.728917
41-2022,0.556123,0.655924,0.635414,0.634278,0.683957,0.675488,0.672376,0.699846,0.699846,0.699846,0.699846,0.699846,0.686076,0.686076
41-2031,0.685604,0.695671,0.675772,0.676644,0.733054,0.728221,0.717474,0.748107,0.748107,0.748107,0.748107,0.748107,0.748107,0.748107
41-3011,0.748925,0.752285,0.765961,0.766646,0.807516,0.800016,0.772018,0.822758,0.822758,0.822758,0.822758,0.822758,0.822758,0.822758
41-3021,0.759142,0.767470,0.748645,0.751749,0.805514,0.797753,0.815855,0.859152,0.859152,0.859152,0.859152,0.859152,0.859152,0.859152
41-3031,0.775098,0.781240,0.743802,0.801622,0.859417,0.850397,0.849583,0.888212,0.888212,0.888212,0.888212,0.888212,0.877059,0.877059
41-3041,0.766110,0.775014,0.754493,0.753918,0.804630,0.797808,0.794630,0.847148,0.847148,0.847148,0.847148,0.847148,0.847148,0.841857
41-4011,0.711576,0.713977,0.686327,0.680716,0.765278,0.756051,0.752171,0.810236,0.810236,0.810236,0.810236,0.812459,0.812459,0.812459
41-4012,0.669426,0.678151,0.657505,0.704585,0.740021,0.731194,0.725975,0.777708,0.777708,0.800907,0.800907,0.800907,0.800907,0.800907
41-9011,0.669877,0.677263,0.661230,0.657691,0.704397,0.701027,0.697722,0.733772,0.733772,0.733772,0.733772,0.733772,0.733772,0.726603
41-9012,0.584598,0.592704,0.597915,0.596584,0.680409,0.678144,0.676720,0.714833,0.714833,0.714833,0.714833,0.714833,0.714833,0.714833
41-9022,0.766869,0.721387,0.701195,0.708562,0.773246,0.769378,0.773142,0.790644,0.790644,0.790644,0.790644,0.790644,0.790644,0.790644
41-9031,0.610670,0.616750,0.592083,0.677034,0.711653,0.701081,0.696000,0.770407,0.770407,0.770407,0.782231,0.782231,0.782231,0.782231
41-9041,0.683983,0.688230,0.794689,0.791171,0.835148,0.827023,0.822123,0.877059,0.877059,0.877059,0.877059,0.877059,0.877059,0.877059
41-9091,0.683983,0.688230,0.665293,0.664019,0.876398,0.873708,0.871479,0.895764,0.895764,0.895764,0.895764,0.895764,0.895764,0.895764
43-1011,0.744757,0.751739,0.726385,0.703587,0.792824,0.785074,0.781655,0.838550,0.838550,0.838550,0.838550,0.838550,0.812634,0.812634
43-2011,0.648738,0.652001,0.725217,0.727650,0.784233,0.781203,0.774823,0.803421,0.803421,0.803421,0.787643,0.787643,0.787643,0.787643
43-2021,0.594723,0.607053,0.597534,0.622882,0.778351,0.774800,0.766820,0.819392,0.819392,0.819392,0.819392,0.819392,0.819392,0.819392
43-3011,0.722457,0.783802,0.759949,0.757063,0.796343,0.786802,0.780067,0.859456,0.859456,0.859456,0.859456,0.859456,0.859456,0.859456
43-3021,0.635117,0.643009,0.615832,0.750194,0.820246,0.819060,0.817914,0.838484,0.838484,0.838484,0.838484,0.836071,0.836071,0.836071
43-3031,0.678909,0.768632,0.736794,0.744813,0.809378,0.804873,0.798385,0.846794,0.846794,0.846794,0.846794,0.846794,0.846794,0.846794
43-3051,0.688038,0.795343,0.764074,0.770617,0.830403,0.821915,0.820794,0.878317,0.878317,0.878317,0.878317,0.878317,0.878317,0.852784
43-3061,0.699083,0.800172,0.773673,0.771698,0.814194,0.802747,0.799199,0.860057,0.860057,0.860057,0.860057,0.860057,0.840898,0.840898
43-3071,0.647826,0.735025,0.711466,0.713471,0.774655,0.768515,0.732428,0.770306,0.770306,0.770306,0.770306,0.770306,0.770306,0.770306
43-4011,0.729420,0.738280,0.703581,0.724365,0.788111,0.782906,0.781510,0.836165,0.836165,0.836165,0.836165,0.841016,0.841016,0.841016
43-4021,0.737551,0.744379,0.720577,0.716919,0.834171,0.827048,0.823582,0.864638,0.864638,0.864638,0.864638,0.864638,0.864638,0.840818
43-4031,0.718511,0.722174,0.763459,0.762287,0.817162,0.813446,0.811236,0.840136,0.840136,0.854762,0.854762,0.854762,0.854762,0.854762
43-4041,0.673397,0.680089,0.654211,0.784514,0.836348,0.826495,0.821638,0.859993,0.859993,0.859993,0.859993,0.859993,0.859993,0.859993
43-4051,0.692090,0.739923,0.718007,0.718867,0.773157,0.766749,0.779702,0.840383,0.840383,0.840383,0.841137,0.841137,0.841137,0.841137
43-4061,0.759896,0.769209,0.752817,0.766959,0.805121,0.800674,0.797728,0.862034,0.862034,0.862034,0.862034,0.862034,0.862034,0.853283
43-4071,0.645598,0.693600,0.676763,0.676226,0.730496,0.726035,0.723284,0.757156,0.757156,0.757156,0.757156,0.736246,0.736246,0.736246
43-4081,0.737433,0.745788,0.727466,0.729108,0.784725,0.778495,0.756695,0.800033,0.800033,0.800033,0.800033,0.800033,0.800033,0.800033
43-4111,0.749640,0.787925,0.771667,0.771376,0.820498,0.817706,0.794828,0.824295,0.824295,0.824295,0.837802,0.837802,0.837802,0.837802
43-4121,0.603137,0.662965,0.646965,0.646905,0.706460,0.701087,0.697875,0.757508,0.757508,0.757508,0.757508,0.757508,0.757508,0.757508
43-4131,0.686641,0.694411,0.663591,0.671698,0.816714,0.808587,0.807204,0.860256,0.860256,0.860256,0.860256,0.860256,0.860256,0.860256
43-4141,0.723283,0.726078,0.750632,0.749696,0.809512,0.803930,0.802339,0.848295,0.841590,0.841590,0.841590,0.841590,0.841590,0.841590
43-4151,0.717931,0.678594,0.656713,0.657450,0.716219,0.713027,0.707473,0.746585,0.746585,0.746585,0.746585,0.746585,0.746585,0.766934
43-4161,0.688319,0.772479,0.751489,0.754693,0.812690,0.806733,0.812520,0.851698,0.851698,0.851698,0.851698,0.851698,0.851698,0.851698
43-4171,0.734753,0.743670,0.723049,0.725902,0.778134,0.771164,0.768148,0.791522,0.791522,0.791522,0.791522,0.815827,0.815827,0.815827
43-4181,0.726927,0.734281,0.707603,0.688954,0.733293,0.725812,0.723697,0.776784,0.776784,0.776784,0.748182,0.748182,0.748182,0.748182
43-5011,0.607622,0.613943,0.594031,0.723740,0.776336,0.771061,0.769303,0.798607,0.798607,0.805445,0.805445,0.805445,0.805445,0.805445
43-5021,0.496337,0.503756,0.553479,0.554165,0.598346,0.594883,0.592387,0.620745,0.620745,0.620745,0.620745,0.620745,0.620745,0.607038
43-5031,0.643182,0.706577,0.698223,0.699328,0.750713,0.745150,0.734739,0.755424,0.755424,0.755424,0.755424,0.755424,0.755424,0.761565
43-5032,0.686706,0.728392,0.709661,0.704226,0.740009,0.730044,0.737548,0.801636,0.801636,0.801636,0.784026,0.784026,0.784026,0.784026
43-5041,0.529748,0.530941,0.506021,0.504829,0.603017,0.597631,0.594670,0.623853,0.623853,0.623853,0.623853,0.623853,0.623853,0.605314
43-5051,0.578537,0.585703,0.563891,0.565235,0.684378,0.679925,0.676066,0.702740,0.702740,0.702740,0.702740,0.702740,0.702740,0.699821
43-5052,0.538729,0.548365,0.522670,0.521974,0.623802,0.622086,0.620640,0.627062,0.627062,0.627062,0.627062,0.627062,0.627062,0.605886
43-5061,0.669056,0.676096,0.648832,0.647648,0.743292,0.733316,0.730961,0.786135,0.786135,0.786135,0.745506,0.745506,0.745506,0.745506
43-5071,0.570609,0.579611,0.629036,0.626958,0.672153,0.666822,0.617529,0.632512,0.632512,0.650750,0.650750,0.650750,0.650750,0.650750
43-5081,0.507674,0.675952,0.659796,0.660746,0.707249,0.702038,0.700138,0.713011,0.713011,0.713011,0.713011,0.713011,0.699943,0.699943
43-5111,0.479426,0.488961,0.464757,0.467691,0.701048,0.696320,0.693707,0.719612,0.719612,0.719612,0.719612,0.719612,0.719612,0.719612
43-6011,0.721946,0.789803,0.771816,0.773363,0.827808,0.820195,0.794384,0.831920,0.831920,0.831920,0.831920,0.831920,0.831920,0.831920
43-6012,0.770473,0.779883,0.763322,0.760123,0.817614,0.811373,0.810306,0.834819,0.834819,0.834819,0.834819,0.834819,0.834819,0.834819
43-6013,0.714106,0.724252,0.710804,0.711794,0.755531,0.831823,0.828032,0.843114,0.843114,0.843114,0.847647,0.847647,0.847647,0.847647
43-6014,0.618253,0.769247,0.753789,0.752795,0.803417,0.796999,0.791665,0.838955,0.838955,0.831140,0.831140,0.831140,0.831140,0.831140
43-9011,0.592432,0.602661,0.757791,0.753034,0.791334,0.783871,0.667360,0.698594,0.698594,0.698594,0.698594,0.698594,0.698594,0.698594
43-9021,0.594134,0.608285,0.579404,0.581656,0.726725,0.718938,0.716878,0.762375,0.762375,0.762375,0.762375,0.762375,0.762375,0.762375
43-9022,0.728967,0.737581,0.714277,0.712711,0.763108,0.755215,0.753211,0.802223,0.802223,0.802223,0.802223,0.802223,0.802223,0.802223
43-9031,0.555437,0.681001,0.661298,0.660437,0.711216,0.700673,0.665909,0.699388,0.699388,0.699388,0.699388,0.699388,0.699388,0.699388
43-9041,0.689461,0.696490,0.666427,0.752627,0.821239,0.816682,0.814009,0.850614,0.850614,0.850614,0.850614,0.850614,0.848122,0.848122
43-9051,0.424056,0.435842,0.415108,0.476736,0.623426,0.618458,0.617233,0.647312,0.647312,0.647312,0.647312,0.647312,0.647312,0.628529
43-9061,0.711501,0.721635,0.702044,0.707313,0.770579,0.765648,0.760581,0.796504,0.796504,0.796504,0.796504,0.796504,0.796504,0.796504
43-9071,0.466823,0.472669,0.454721,0.450628,0.637857,0.629305,0.626270,0.650251,0.650251,0.650251,0.650251,0.650251,0.650251,0.650251
43-9081,0.623787,0.632046,0.813198,0.812236,0.858890,0.848305,0.845015,0.886946,0.886946,0.886946,0.886946,0.886946,0.886946,0.850997
43-9111,0.677688,0.692649,0.641482,0.732917,0.791632,0.780848,0.777220,0.831268,0.831268,0.831268,0.831268,0.831268,0.845624,0.845624
45-1011,0.589672,0.594724,0.570587,0.533109,0.577736,0.571025,0.569269,0.609746,0.609746,0.609746,0.609746,0.602274,0.602274,0.602274
45-2011,0.584549,0.593794,0.569150,0.570017,0.623754,0.644694,0.641684,0.681313,0.681313,0.681313,0.691830,0.691830,0.691830,0.691830
45-2021,0.570040,0.577391,0.554317,0.586287,0.616336,0.609547,0.606910,0.642678,0.642678,0.642678,0.642678,0.642678,0.642678,0.642678
45-2041,0.389879,0.407704,0.385918,0.390869,0.615307,0.610181,0.610081,0.642671,0.642671,0.642671,0.642671,0.642671,0.642671,0.642671
45-2091,0.402116,0.410426,0.390162,0.390002,0.523389,0.516917,0.513004,0.502445,0.502445,0.502445,0.502445,0.502445,0.502445,0.502445
45-2092,0.400075,0.411366,0.393489,0.393959,0.554804,0.549040,0.547497,0.581733,0.581733,0.581733,0.581733,0.581733,0.581733,0.592931
45-2093,0.396015,0.404317,0.390203,0.387713,0.570833,0.569080,0.567408,0.584012,0.584012,0.584012,0.584012,0.584012,0.584012,0.584012
45-3011,0.427700,0.435984,0.418662,0.420169,0.507733,0.500247,0.494739,0.532869,0.532869,0.532869,0.532869,0.532869,0.532869,0.532869
45-3021,0.351187,0.361216,0.349683,0.350595,0.565217,0.559112,0.557580,0.579849,0.579849,0.579849,0.579849,0.579849,0.579849,0.578293
45-4011,0.450373,0.461172,0.586277,0.583066,0.611963,0.603441,0.600089,0.630441,0.630441,0.630441,0.630441,0.639321,0.639321,0.639321
45-4021,0.372750,0.382163,0.363376,0.360356,0.475238,0.468098,0.467619,0.478229,0.478229,0.478229,0.478229,0.478229,0.478229,0.478229
45-4022,0.353484,0.361178,0.351891,0.498145,0.512491,0.507808,0.506266,0.537925,0.537925,0.537925,0.537925,0.537925,0.537925,0.537925
45-4023,0.487166,0.497817,0.462669,0.593940,0.631947,0.624120,0.621919,0.662716,0.662716,0.662716,0.662716,0.662716,0.662716,0.662716
47-1011,0.538256,0.545543,0.522225,0.555881,0.626981,0.620880,0.618489,0.652072,0.652072,0.648088,0.648088,0.648088,0.648088,0.648088
47-2011,0.361407,0.365605,0.343220,0.338148,0.557940,0.551340,0.549680,0.570573,0.570573,0.570573,0.570573,0.570573,0.564273,0.564273
47-2021,0.377822,0.385208,0.551004,0.552707,0.592461,0.585401,0.584055,0.579415,0.579415,0.579415,0.579415,0.579415,0.579415,0.579415
47-2022,0.381271,0.387173,0.372074,0.520623,0.556570,0.549170,0.548237,0.576351,0.576351,0.576351,0.576351,0.576351,0.576351,0.576351
47-2031,0.532912,0.539469,0.520614,0.519986,0.553526,0.545523,0.544304,0.557870,0.557870,0.557870,0.557870,0.573174,0.573174,0.573174
47-2041,0.423050,0.524075,0.505107,0.504161,0.551878,0.547636,0.545582,0.577786,0.576124,0.576124,0.576124,0.576124,0.576124,0.576124
47-2042,0.442139,0.450011,0.430556,0.561930,0.596854,0.587763,0.587409,0.618751,0.618751,0.618751,0.618751,0.618751,0.618751,0.618751
47-2043,0.319932,0.324462,0.307078,0.301982,0.360872,0.548865,0.547759,0.565763,0.565763,0.565763,0.565763,0.565763,0.565763,0.565763
47-2044,0.410506,0.597735,0.575996,0.579211,0.621735,0.614675,0.570456,0.581788,0.581788,0.581788,0.581788,0.581788,0.581788,0.581788
47-2051,0.406584,0.414191,0.521673,0.524728,0.567710,0.560817,0.559220,0.567720,0.567720,0.567720,0.567720,0.567720,0.567720,0.567720
47-2053,0.406584,0.414191,0.395766,0.506896,0.538623,0.517965,0.516180,0.537907,0.537907,0.537907,0.537907,0.537907,0.542202,0.542202
47-2061,0.340459,0.345598,0.328126,0.327201,0.545134,0.540082,0.535725,0.541423,0.541423,0.556338,0.556338,0.556338,0.556338,0.556338
47-2071,0.309687,0.316467,0.530291,0.527468,0.560675,0.555283,0.553895,0.577250,0.542844,0.542844,0.542844,0.542844,0.542844,0.542844
47-2072,0.272686,0.279154,0.265248,0.264278,0.327857,0.515727,0.513581,0.529998,0.529998,0.529998,0.529998,0.529998,0.529998,0.529998
47-2073,0.320945,0.326451,0.310530,0.525972,0.538787,0.531928,0.529054,0.544606,0.544606,0.556766,0.556766,0.556766,0.556766,0.556766
47-2081,0.390835,0.398630,0.375745,0.399207,0.590674,0.582511,0.580019,0.592925,0.592925,0.592925,0.592925,0.592925,0.592925,0.560437
47-2082,0.367636,0.375697,0.364479,0.360986,0.589825,0.584005,0.582886,0.608080,0.608080,0.608080,0.608080,0.608080,0.576576,0.576576
47-2111,0.454906,0.532580,0.514632,0.514414,0.559859,0.546659,0.538598,0.564686,0.564686,0.564686,0.585783,0.585783,0.585783,0.585783
47-2121,0.404214,0.414246,0.389165,0.392426,0.557875,0.552572,0.550259,0.574703,0.574703,0.574703,0.574703,0.585905,0.585905,0.585905
47-2131,0.421067,0.425051,0.395165,0.395696,0.553153,0.548025,0.545525,0.567083,0.567083,0.567083,0.567083,0.567083,0.549570,0.549570
47-2132,0.421067,0.425051,0.395165,0.395696,0.593261,0.586039,0.585048,0.611366,0.611366,0.611366,0.611366,0.611366,0.611366,0.611366
47-2141,0.433099,0.435277,0.419866,0.418178,0.594570,0.590775,0.588877,0.606718,0.606718,0.606718,0.606718,0.618844,0.618844,0.618844
47-2142,0.441501,0.442742,0.414454,0.413958,0.479715,0.565410,0.564459,0.583074,0.583074,0.583074,0.583074,0.583074,0.583074,0.583074
47-2151,0.335970,0.342054,0.321498,0.319326,0.555055,0.548661,0.546460,0.559389,0.559389,0.559389,0.559389,0.559389,0.550030,0.550030
47-2152,0.352748,0.363519,0.588076,0.586887,0.615821,0.608645,0.603200,0.574429,0.574429,0.574429,0.574429,0.558345,0.558345,0.558345
47-2161,0.471454,0.478104,0.463475,0.544856,0.571632,0.561100,0.560550,0.588262,0.588262,0.588262,0.588262,0.588262,0.592119,0.592119
47-2171,0.362556,0.366857,0.346700,0.349548,0.563657,0.558034,0.555571,0.564303,0.564303,0.564303,0.564303,0.564303,0.552364,0.552364
47-2181,0.357069,0.361408,0.343728,0.342914,0.572314,0.563132,0.560662,0.589368,0.589368,0.589368,0.589368,0.589368,0.580100,0.580100
47-2211,0.435948,0.443974,0.529349,0.529397,0.567732,0.564513,0.562562,0.569460,0.569460,0.569460,0.569460,0.566667,0.566667,0.566667
47-2221,0.324604,0.332146,0.315525,0.319575,0.533417,0.528397,0.526981,0.544087,0.544087,0.544087,0.544087,0.544087,0.530851,0.530851
47-3011,0.372874,0.379252,0.361554,0.361554,0.533192,0.526637,0.522481,0.544793,0.544793,0.544793,0.526367,0.526367,0.526367,0.526367
47-3012,0.329926,0.338938,0.322291,0.502059,0.542059,0.534724,0.531370,0.546899,0.546899,0.546899,0.541144,0.541144,0.541144,0.541144
47-3013,0.343282,0.350602,0.537801,0.533422,0.569402,0.563049,0.559170,0.563963,0.550624,0.550624,0.550624,0.550624,0.550624,0.550624
47-3014,0.417763,0.421711,0.400197,0.397566,0.521537,0.514026,0.513461,0.537887,0.537887,0.537887,0.537887,0.537887,0.537887,0.537887
47-3015,0.351268,0.360088,0.529469,0.525829,0.560191,0.551646,0.549761,0.548897,0.574680,0.574680,0.574680,0.574680,0.574680,0.574680
47-4011,0.582241,0.590793,0.570182,0.572748,0.627333,0.667161,0.663487,0.685065,0.685065,0.685065,0.683360,0.683360,0.683360,0.683360
47-4021,0.390042,0.394229,0.374307,0.368515,0.553481,0.546825,0.542990,0.566274,0.566274,0.566274,0.566274,0.566274,0.566274,0.566274
47-4031,0.365100,0.369268,0.344883,0.343424,0.540268,0.535684,0.534858,0.552451,0.552451,0.552451,0.552451,0.552451,0.552451,0.552451
47-4041,0.417656,0.423181,0.404508,0.403679,0.584649,0.579559,0.578683,0.611925,0.611925,0.611925,0.611925,0.611925,0.608809,0.608809
47-4051,0.368485,0.371302,0.524162,0.520499,0.544515,0.538717,0.534011,0.553752,0.553752,0.553752,0.553752,0.553752,0.553752,0.553752
47-4061,0.325415,0.330613,0.316837,0.314342,0.537289,0.528946,0.526165,0.538483,0.538483,0.538483,0.538483,0.538483,0.541790,0.541790
47-4071,0.483806,0.484591,0.459104,0.457418,0.551087,0.546540,0.544584,0.569562,0.569562,0.569562,0.569562,0.569562,0.569562,0.569562
47-5011,0.318395,0.323667,0.300733,0.492299,0.526827,0.519673,0.518600,0.539722,0.539722,0.539722,0.539722,0.539722,0.539722,0.539722
47-5012,0.369995,0.376096,0.361185,0.540044,0.574381,0.565030,0.562850,0.592083,0.592083,0.592083,0.592083,0.592083,0.592083,0.592083
47-5013,0.523987,0.528406,0.517522,0.516486,0.556211,0.548468,0.546735,0.572515,0.572515,0.572515,0.592626,0.592626,0.592626,0.592626
47-5021,0.332239,0.337037,0.322642,0.348014,0.537395,0.534278,0.530715,0.552459,0.552459,0.552459,0.552459,0.552459,0.552459,0.552459
47-5031,0.368238,0.375198,0.354761,0.553360,0.588643,0.582252,0.580362,0.612329,0.612329,0.612329,0.612329,0.612329,0.612329,0.612329
47-5041,0.285886,0.291355,0.284792,0.284902,0.339585,0.508326,0.501908,0.520237,0.520237,0.520237,0.520237,0.520237,0.520237,0.534826
47-5042,0.351510,0.356297,0.474559,0.473415,0.511557,0.507397,0.505655,0.528009,0.528009,0.528009,0.528009,0.528009,0.528009,0.528009
47-5051,0.332006,0.337862,0.325212,0.323338,0.373704,0.528914,0.524104,0.539999,0.539999,0.539999,0.539999,0.539999,0.539999,0.539999
47-5061,0.369194,0.380938,0.480235,0.476325,0.506588,0.502012,0.498494,0.519116,0.519116,0.519116,0.519116,0.519116,0.519116,0.519116
47-5071,0.290464,0.296807,0.519172,0.516498,0.548937,0.543095,0.540014,0.564432,0.538092,0.538092,0.538092,0.538092,0.538092,0.538092
47-5081,0.338661,0.346053,0.333256,0.335197,0.531364,0.528915,0.525216,0.555037,0.555037,0.555037,0.555037,0.555037,0.555037,0.555037
49-1011,0.620014,0.612536,0.591339,0.590056,0.624640,0.624952,0.619717,0.646948,0.646948,0.646948,0.649174,0.649174,0.649174,0.649174
49-2011,0.494728,0.502467,0.477704,0.472949,0.625315,0.618083,0.609625,0.644533,0.644533,0.644533,0.644533,0.644533,0.609972,0.609972
49-2021,0.434275,0.440646,0.422241,0.417074,0.593506,0.584822,0.575717,0.604653,0.604653,0.604653,0.587139,0.587139,0.587139,0.587139
49-2022,0.478282,0.482106,0.459165,0.443721,0.576500,0.568875,0.557943,0.588806,0.588806,0.588806,0.588806,0.588806,0.588806,0.588806
49-2091,0.400691,0.408297,0.378094,0.558731,0.600864,0.592831,0.586880,0.622269,0.622269,0.622269,0.622269,0.622269,0.617937,0.617937
49-2092,0.483957,0.487222,0.467546,0.378768,0.540575,0.532430,0.531441,0.569913,0.569913,0.569913,0.569913,0.569913,0.569913,0.569913
49-2093,0.401901,0.410048,0.390801,0.392159,0.579409,0.571928,0.567136,0.595778,0.595778,0.595778,0.595778,0.595778,0.595778,0.595778
49-2094,0.550185,0.557385,0.535617,0.530936,0.577257,0.570753,0.544530,0.573414,0.573414,0.573414,0.573414,0.586395,0.586395,0.586395
49-2095,0.424531,0.431078,0.404465,0.405774,0.594113,0.585912,0.579511,0.613869,0.613869,0.613869,0.613869,0.613869,0.613869,0.613869
49-2096,0.401901,0.410048,0.390801,0.392159,0.570918,0.562487,0.557445,0.582176,0.582176,0.582176,0.582176,0.582176,0.582176,0.593785
49-2097,0.490571,0.495008,0.474598,0.474567,0.607558,0.601131,0.592064,0.621939,0.621939,0.621939,0.621939,0.621939,0.621939,0.621939
49-3011,0.370246,0.378501,0.353352,0.518221,0.559623,0.556093,0.551685,0.578396,0.578396,0.578396,0.580990,0.580990,0.580990,0.580990
49-3021,0.428116,0.516891,0.502722,0.501802,0.541052,0.535310,0.528032,0.559969,0.559969,0.559969,0.559969,0.559969,0.559969,0.559969
49-3022,0.421627,0.426328,0.406911,0.571429,0.606648,0.602299,0.600637,0.615889,0.615889,0.615889,0.615889,0.587712,0.587712,0.587712
49-3023,0.437094,0.524825,0.507015,0.506013,0.549148,0.544513,0.530842,0.556356,0.556356,0.556356,0.556356,0.556356,0.556356,0.556356
49-3031,0.426337,0.493699,0.479901,0.475406,0.518202,0.513499,0.517002,0.540647,0.540647,0.540647,0.561646,0.561646,0.561646,0.561646
49-3041,0.375724,0.380785,0.363987,0.364367,0.523620,0.516380,0.514336,0.537683,0.537683,0.537683,0.537683,0.537683,0.537683,0.553108
49-3042,0.439095,0.514125,0.495906,0.491296,0.530387,0.525484,0.506531,0.540451,0.540451,0.540451,0.540451,0.540451,0.540451,0.540451
49-3043,0.352006,0.357316,0.338428,0.479512,0.514955,0.508020,0.505452,0.520602,0.520602,0.520602,0.520602,0.520602,0.520602,0.520602
49-3051,0.427477,0.433213,0.417438,0.412890,0.554306,0.547250,0.543840,0.565211,0.565211,0.565211,0.565211,0.565211,0.559523,0.559523
49-3052,0.458241,0.463798,0.446173,0.528490,0.565858,0.560870,0.558787,0.585104,0.585104,0.585104,0.585104,0.568208,0.568208,0.568208
49-3053,0.448044,0.453845,0.435988,0.431306,0.571726,0.567210,0.563559,0.586569,0.586569,0.586569,0.586569,0.586569,0.586569,0.586569
49-3091,0.474935,0.479120,0.558876,0.556164,0.587762,0.577690,0.576963,0.600742,0.600742,0.600742,0.600742,0.600742,0.600742,0.618392
49-3092,0.465043,0.468861,0.444729,0.504890,0.547220,0.542470,0.537417,0.563211,0.563211,0.563211,0.563211,0.563211,0.572432,0.572432
49-3093,0.427129,0.430631,0.416389,0.528795,0.564280,0.559115,0.555154,0.571437,0.571437,0.571437,0.571437,0.583683,0.583683,0.583683
49-9011,0.349086,0.354436,0.333928,0.501805,0.545625,0.540453,0.538769,0.556450,0.556450,0.556450,0.556450,0.556450,0.559988,0.559988
49-9012,0.404046,0.411035,0.392306,0.392777,0.564123,0.558853,0.553899,0.578229,0.578229,0.578229,0.578229,0.578229,0.578229,0.578229
49-9021,0.535348,0.541537,0.522712,0.517867,0.557258,0.550772,0.548063,0.559735,0.559735,0.559735,0.559735,0.586751,0.586751,0.586751
49-9031,0.447163,0.450905,0.433597,0.433552,0.590070,0.587362,0.585868,0.610095,0.610095,0.610095,0.610095,0.610095,0.610095,0.610095
49-9041,0.407402,0.416176,0.397684,0.398378,0.516453,0.509214,0.505435,0.534682,0.534682,0.534682,0.521866,0.521866,0.521866,0.521866
49-9043,0.411784,0.417493,0.400364,0.401149,0.522510,0.514577,0.511498,0.531953,0.531953,0.531953,0.531953,0.531953,0.547105,0.547105
49-9044,0.356813,0.519035,0.499728,0.496673,0.532683,0.527138,0.526391,0.561465,0.561465,0.561465,0.561465,0.561465,0.561465,0.561465
49-9045,0.330984,0.338447,0.321075,0.321158,0.544404,0.536765,0.535469,0.545060,0.545060,0.545060,0.545060,0.545060,0.545060,0.545060
49-9051,0.372909,0.380937,0.361701,0.550530,0.582928,0.577010,0.572109,0.591343,0.591343,0.606173,0.606173,0.606173,0.606173,0.606173
49-9052,0.489916,0.495826,0.468602,0.469304,0.586127,0.580140,0.571018,0.597026,0.597026,0.597026,0.597026,0.597026,0.579469,0.579469
49-9061,0.508035,0.513473,0.499334,0.571682,0.613555,0.605617,0.600884,0.630259,0.630259,0.630259,0.630259,0.630259,0.645817,0.645817
49-9062,0.513057,0.570940,0.547294,0.546201,0.586122,0.578412,0.568902,0.602994,0.602994,0.602994,0.620750,0.620750,0.620750,0.620750
49-9063,0.387448,0.395981,0.385314,0.386046,0.602978,0.597934,0.596253,0.617264,0.617264,0.617264,0.617264,0.617264,0.617264,0.631184
49-9064,0.463255,0.468709,0.444167,0.447803,0.523247,0.585192,0.584339,0.628812,0.628812,0.628812,0.628812,0.628812,0.628812,0.628812
49-9071,0.373000,0.517665,0.502842,0.498981,0.535342,0.528362,0.524548,0.538624,0.575932,0.575932,0.575932,0.549158,0.549158,0.549158
49-9091,0.433189,0.437594,0.414120,0.417643,0.597654,0.594916,0.591661,0.602702,0.602702,0.602702,0.602702,0.602702,0.602702,0.602702
49-9092,0.329080,0.337493,0.325119,0.324068,0.568129,0.561001,0.558503,0.584697,0.584697,0.584697,0.584697,0.584697,0.577139,0.577139
49-9093,0.430011,0.437984,0.418679,0.420046,0.491800,0.581797,0.579396,0.595413,0.595413,0.595413,0.595413,0.595413,0.595413,0.595413
49-9094,0.483081,0.490237,0.579944,0.579814,0.612065,0.604662,0.601740,0.614153,0.614153,0.614153,0.614153,0.614153,0.614153,0.614153
49-9095,0.465043,0.468861,0.444729,0.441636,0.586467,0.579836,0.576305,0.597345,0.597345,0.597345,0.597345,0.597345,0.597345,0.597345
49-9096,0.405739,0.411641,0.391441,0.390523,0.538023,0.533172,0.527465,0.535095,0.535095,0.535095,0.535095,0.535095,0.535095,0.535095
49-9097,0.405670,0.410738,0.393107,0.385033,0.528220,0.520462,0.514523,0.537747,0.537747,0.537747,0.537747,0.537747,0.537747,0.537747
49-9098,0.335586,0.518197,0.500637,0.497844,0.534997,0.525994,0.523045,0.537658,0.546236,0.546236,0.546236,0.546236,0.546236,0.546236
51-1011,0.626116,0.632288,0.605077,0.619695,0.653339,0.645091,0.643412,0.692439,0.662256,0.662256,0.662256,0.662256,0.662256,0.662256
51-2011,0.351335,0.358723,0.333124,0.346155,0.528413,0.524934,0.521480,0.549829,0.549829,0.549829,0.549829,0.549829,0.594039,0.594039
51-2021,0.366170,0.373125,0.353128,0.349650,0.571100,0.564628,0.563507,0.597831,0.597831,0.597831,0.597831,0.597831,0.597831,0.597831
51-2022,0.463902,0.470926,0.449855,0.531914,0.561759,0.553482,0.553071,0.603396,0.603396,0.603396,0.605591,0.605591,0.605591,0.605591
51-2023,0.374258,0.381917,0.354345,0.357408,0.593382,0.586997,0.582813,0.605984,0.605984,0.605984,0.605984,0.605984,0.605984,0.605984
51-2031,0.389195,0.397786,0.379547,0.378622,0.539294,0.533793,0.532476,0.552209,0.552209,0.552209,0.552209,0.555873,0.555873,0.555873
51-2041,0.418757,0.425714,0.390278,0.500521,0.531777,0.523776,0.523182,0.549934,0.549934,0.549934,0.548489,0.548489,0.548489,0.548489
51-2093,0.421646,0.428013,0.404684,0.403320,0.475171,0.574207,0.573338,0.594001,0.594001,0.594001,0.594001,0.594001,0.594001,0.594001
51-3011,0.531354,0.536668,0.509698,0.494935,0.638791,0.631794,0.629031,0.671148,0.671148,0.671148,0.671148,0.671148,0.648010,0.648010
51-3021,0.627028,0.634216,0.610598,0.582804,0.617030,0.610271,0.609345,0.651423,0.651423,0.651423,0.651423,0.651423,0.651423,0.639031
51-3022,0.381704,0.394524,0.382576,0.540443,0.568614,0.562199,0.560073,0.597817,0.597817,0.597817,0.597817,0.597817,0.597817,0.597817
51-3023,0.335154,0.346128,0.335202,0.336379,0.569404,0.562305,0.561020,0.591332,0.591332,0.591332,0.591332,0.591332,0.591332,0.591332
51-3091,0.414031,0.421201,0.399331,0.512605,0.544660,0.542420,0.542388,0.571368,0.571368,0.571368,0.571368,0.571368,0.571368,0.571368
51-3092,0.523706,0.532226,0.535114,0.532803,0.566670,0.560229,0.559058,0.595796,0.609328,0.609328,0.609328,0.609328,0.609328,0.609328
51-3093,0.461469,0.470942,0.569728,0.564934,0.595114,0.584709,0.584191,0.615434,0.608173,0.608173,0.608173,0.608173,0.608173,0.608173
51-4011,0.432452,0.441145,0.414813,0.417349,0.543591,0.536407,0.534200,0.571508,0.571508,0.571508,0.574401,0.574401,0.574401,0.574401
51-4012,0.528716,0.536898,0.504642,0.507442,0.593278,0.585046,0.582839,0.627584,0.627584,0.627584,0.627584,0.627584,0.627584,0.636078
51-4021,0.393987,0.395972,0.364868,0.514365,0.546225,0.538614,0.533563,0.559450,0.559450,0.559450,0.559450,0.559450,0.565636,0.565636
51-4022,0.419401,0.425244,0.402997,0.514678,0.546804,0.537044,0.534477,0.562796,0.562796,0.562796,0.562796,0.562796,0.562796,0.566677
51-4023,0.437409,0.445759,0.419073,0.507397,0.543594,0.534717,0.533649,0.562164,0.562164,0.562164,0.562164,0.562164,0.562164,0.562164
51-4031,0.343290,0.351824,0.327630,0.495131,0.533634,0.528016,0.526887,0.550026,0.550026,0.550026,0.550026,0.550026,0.548644,0.548644
51-4032,0.417041,0.424066,0.399243,0.400687,0.539574,0.531743,0.528230,0.563943,0.563943,0.563943,0.583910,0.583910,0.583910,0.583910
51-4033,0.376341,0.381820,0.348354,0.501612,0.530111,0.522723,0.521428,0.553391,0.553391,0.553391,0.553391,0.553391,0.553391,0.571587
51-4034,0.382245,0.385946,0.356756,0.366471,0.530690,0.522355,0.522003,0.553901,0.553901,0.553901,0.553901,0.553901,0.553901,0.577046
51-4035,0.405486,0.407462,0.375735,0.382061,0.548340,0.538712,0.536882,0.575956,0.575956,0.575956,0.575956,0.575956,0.575956,0.585389
51-4041,0.462918,0.510874,0.482952,0.485928,0.535720,0.534132,0.533445,0.562920,0.562920,0.570829,0.570829,0.570829,0.570829,0.570829
51-4051,0.370846,0.377722,0.358889,0.470826,0.512503,0.504396,0.503405,0.529757,0.529757,0.529757,0.529757,0.529757,0.529757,0.529757
51-4052,0.346139,0.355336,0.336399,0.337653,0.540518,0.535687,0.534863,0.548873,0.548873,0.548873,0.548873,0.548873,0.548873,0.548873
51-4061,0.486620,0.492923,0.466334,0.467566,0.548629,0.539708,0.538914,0.566651,0.566651,0.566651,0.566651,0.566651,0.566651,0.560881
51-4062,0.403903,0.411282,0.387422,0.389882,0.558260,0.549031,0.547417,0.584900,0.584900,0.584900,0.584900,0.584900,0.584900,0.584900
51-4071,0.372175,0.380279,0.361324,0.361234,0.504665,0.500724,0.499646,0.526835,0.526835,0.526835,0.526835,0.526835,0.526835,0.541053
51-4072,0.372235,0.377823,0.353607,0.479581,0.522059,0.515029,0.514787,0.521962,0.521962,0.521962,0.521962,0.521962,0.521962,0.548090
51-4081,0.441069,0.446837,0.418702,0.514021,0.554660,0.548565,0.547869,0.575893,0.575893,0.575893,0.562502,0.562502,0.562502,0.562502
51-4111,0.387825,0.395536,0.358994,0.513893,0.556589,0.549805,0.548318,0.575264,0.575264,0.588897,0.588897,0.588897,0.588897,0.588897
51-4121,0.342804,0.349393,0.329339,0.472266,0.519574,0.513604,0.512164,0.539522,0.539522,0.559734,0.559734,0.559734,0.559734,0.559734
51-4122,0.360768,0.368474,0.344084,0.509758,0.553994,0.547734,0.546050,0.567357,0.567357,0.567357,0.567357,0.567357,0.564801,0.564801
51-4191,0.391900,0.402074,0.380160,0.373258,0.549390,0.542717,0.539975,0.569964,0.569964,0.569964,0.569964,0.569964,0.569964,0.550480
51-4192,0.454357,0.463659,0.423280,0.514669,0.563246,0.557556,0.556616,0.578151,0.578151,0.578151,0.578151,0.578151,0.578151,0.578151
51-4193,0.417875,0.426562,0.401205,0.502727,0.535986,0.531788,0.531130,0.567098,0.567098,0.567098,0.567098,0.567098,0.567098,0.591363
51-4194,0.393565,0.401048,0.374635,0.516801,0.554369,0.547604,0.547158,0.576437,0.576437,0.576437,0.576437,0.576437,0.576437,0.568648
51-5111,0.435995,0.446365,0.426604,0.609338,0.663873,0.654489,0.651247,0.688080,0.688080,0.688080,0.688080,0.688080,0.688080,0.694012
51-5112,0.442015,0.449310,0.433079,0.520154,0.549282,0.542743,0.541731,0.572616,0.572575,0.575515,0.575515,0.575515,0.575515,0.575515
51-5113,0.423480,0.429960,0.414855,0.448592,0.575298,0.566732,0.565738,0.604576,0.595516,0.595516,0.595516,0.595516,0.586681,0.586681
51-6011,0.440087,0.450931,0.434966,0.433858,0.601633,0.597669,0.592227,0.617387,0.617387,0.617387,0.617387,0.617387,0.616453,0.616453
51-6021,0.387642,0.399111,0.387858,0.384697,0.544413,0.539684,0.535501,0.548631,0.548631,0.548631,0.548631,0.548631,0.548631,0.548631
51-6031,0.383605,0.393554,0.374005,0.368642,0.551013,0.547405,0.545564,0.591968,0.591968,0.591968,0.591968,0.591968,0.591968,0.591968
51-6041,0.455769,0.465709,0.448857,0.450980,0.589172,0.581715,0.580635,0.602360,0.602360,0.602360,0.602360,0.602360,0.602360,0.602360
51-6042,0.389954,0.394964,0.379118,0.377865,0.572690,0.563916,0.560358,0.574900,0.574900,0.574900,0.574900,0.574900,0.574900,0.574900
51-6051,0.365292,0.376004,0.360404,0.363082,0.646658,0.636606,0.634838,0.676530,0.676530,0.676530,0.676530,0.676530,0.676530,0.676530
51-6052,0.532484,0.537116,0.514765,0.546084,0.650994,0.642752,0.641684,0.670992,0.670992,0.670992,0.670992,0.670992,0.670992,0.670992
51-6061,0.386520,0.396201,0.376316,0.375509,0.577040,0.569199,0.564736,0.592699,0.592699,0.592699,0.592699,0.592699,0.592699,0.592699
51-6062,0.408370,0.415726,0.396675,0.396859,0.565955,0.560430,0.558256,0.570710,0.570710,0.570710,0.570710,0.570710,0.570710,0.570710
51-6063,0.408370,0.415726,0.396675,0.396859,0.535309,0.528199,0.526809,0.550806,0.550806,0.550806,0.550806,0.550806,0.550806,0.550806
51-6064,0.408370,0.415726,0.396675,0.396859,0.557365,0.551813,0.550307,0.575594,0.575594,0.575594,0.575594,0.575594,0.575594,0.575594
51-6091,0.402529,0.408366,0.386965,0.387938,0.548637,0.542807,0.541292,0.574425,0.574425,0.574425,0.574425,0.574425,0.574425,0.574425
51-6092,0.528865,0.538472,0.509170,0.514629,0.664385,0.657261,0.656548,0.684169,0.684169,0.684169,0.684169,0.684169,0.684169,0.675291
51-6093,0.433923,0.440806,0.415241,0.420157,0.569777,0.565073,0.563981,0.591128,0.591128,0.591128,0.591128,0.591128,0.591128,0.590960
51-7011,0.411787,0.420433,0.400307,0.404967,0.524670,0.517919,0.516744,0.532758,0.532758,0.532758,0.532758,0.532758,0.551231,0.551231
51-7021,0.417457,0.427387,0.419790,0.418301,0.499453,0.498109,0.497921,0.547684,0.547684,0.547684,0.547684,0.547684,0.547684,0.547684
51-7031,0.448342,0.453161,0.426947,0.430031,0.567097,0.555985,0.555377,0.594635,0.594635,0.594635,0.594635,0.594635,0.594635,0.594635
51-7032,0.448342,0.453161,0.426947,0.430031,0.531540,0.522417,0.521871,0.546030,0.546030,0.546030,0.546030,0.546030,0.546030,0.546030
51-7041,0.397877,0.405126,0.383277,0.345577,0.540838,0.534052,0.532097,0.558994,0.558994,0.558994,0.527578,0.527578,0.527578,0.527578
51-7042,0.363780,0.370291,0.355083,0.362768,0.520576,0.515394,0.515089,0.537385,0.537385,0.537385,0.537385,0.537385,0.517228,0.517228
51-8011,0.533005,0.540091,0.514229,0.581114,0.629796,0.622118,0.618779,0.663387,0.663387,0.663387,0.663387,0.677156,0.677156,0.677156
51-8012,0.501139,0.507733,0.484953,0.484653,0.676517,0.668467,0.662324,0.722844,0.722844,0.722844,0.722844,0.684352,0.684352,0.684352
51-8013,0.413965,0.422145,0.397866,0.403540,0.573347,0.565648,0.562162,0.576743,0.576743,0.576743,0.576743,0.591704,0.591704,0.591704
51-8021,0.346966,0.355295,0.334763,0.539075,0.560994,0.550746,0.546930,0.583151,0.583151,0.583151,0.595575,0.595575,0.595575,0.595575
51-8031,0.545510,0.551196,0.532062,0.528279,0.564211,0.555390,0.582714,0.614164,0.614164,0.614164,0.614164,0.614164,0.614164,0.614164
51-8091,0.512654,0.512654,0.480074,0.526723,0.568600,0.560220,0.556531,0.595631,0.595631,0.595631,0.595631,0.595631,0.589586,0.589586
51-8092,0.487452,0.490075,0.454486,0.457553,0.557031,0.548064,0.543818,0.579998,0.579998,0.579998,0.579998,0.579998,0.579998,0.579998
51-8093,0.490244,0.497879,0.473702,0.437440,0.573280,0.565897,0.562875,0.601651,0.601651,0.601651,0.601651,0.601651,0.601651,0.601651
51-9011,0.466419,0.475231,0.451281,0.438846,0.583769,0.575497,0.574540,0.606127,0.606127,0.606127,0.606127,0.606127,0.591792,0.591792
51-9012,0.428233,0.436773,0.410202,0.412100,0.548901,0.542305,0.540360,0.575179,0.575179,0.575179,0.575179,0.575179,0.575332,0.575332
51-9021,0.382105,0.387180,0.367134,0.370838,0.552099,0.544908,0.542740,0.574084,0.574084,0.574084,0.574084,0.574084,0.574084,0.558505
51-9022,0.355754,0.360425,0.348339,0.351083,0.570874,0.564980,0.561825,0.583414,0.583414,0.583414,0.583414,0.583414,0.583414,0.575495
51-9023,0.382105,0.387180,0.367134,0.370838,0.548857,0.543031,0.539797,0.576144,0.576144,0.576144,0.576144,0.569951,0.569951,0.569951
51-9031,0.364589,0.376724,0.352068,0.355378,0.564625,0.559438,0.556978,0.584754,0.584754,0.584754,0.584754,0.584754,0.584754,0.584754
51-9032,0.347029,0.355865,0.336426,0.356711,0.565455,0.557575,0.556665,0.579684,0.579684,0.579684,0.579684,0.579684,0.579684,0.566343
51-9041,0.392762,0.394697,0.375345,0.360095,0.546147,0.540030,0.538482,0.561643,0.561643,0.561643,0.561643,0.561643,0.561643,0.555905
51-9051,0.431174,0.434161,0.493821,0.494844,0.536706,0.533318,0.531068,0.562156,0.562156,0.562156,0.562156,0.562156,0.591294,0.591294
51-9061,0.488646,0.496067,0.472717,0.465494,0.625216,0.619417,0.617493,0.661888,0.661888,0.646374,0.646374,0.646374,0.646374,0.646374
51-9071,0.438273,0.450947,0.441255,0.441255,0.508349,0.621938,0.620571,0.668153,0.668153,0.668153,0.668153,0.668153,0.668153,0.668153
51-9081,0.498614,0.506312,0.598095,0.596872,0.632160,0.622739,0.621412,0.655567,0.655567,0.655567,0.655567,0.649328,0.649328,0.649328
51-9082,0.549231,0.553202,0.534006,0.579279,0.617232,0.610212,0.606237,0.630087,0.630087,0.630087,0.630087,0.630087,0.635629,0.635629
51-9083,0.425508,0.433662,0.406222,0.577331,0.624435,0.617158,0.616852,0.634796,0.634796,0.634796,0.634796,0.634796,0.622033,0.622033
51-9111,0.327747,0.520687,0.508442,0.508872,0.549771,0.545878,0.544022,0.559217,0.559217,0.559217,0.559217,0.559217,0.559217,0.559217
51-9121,0.368577,0.375757,0.357223,0.355773,0.542567,0.536375,0.534016,0.550076,0.550076,0.550076,0.550076,0.550076,0.550076,0.550076
51-9122,0.382806,0.390123,0.380716,0.492047,0.532159,0.524554,0.523277,0.541153,0.541153,0.541153,0.541153,0.585271,0.585271,0.585271
51-9123,0.363354,0.373097,0.358300,0.358604,0.583791,0.576296,0.574735,0.599769,0.599769,0.599769,0.599769,0.599769,0.599769,0.599769
51-9141,0.462580,0.469542,0.442468,0.445175,0.582796,0.577920,0.576052,0.611966,0.611966,0.611966,0.611966,0.611966,0.611966,0.611966
51-9151,0.420428,0.428640,0.415815,0.521834,0.620608,0.613515,0.611224,0.641378,0.641433,0.641433,0.641433,0.641433,0.641433,0.641433
51-9191,0.405954,0.413963,0.389356,0.392471,0.537908,0.530638,0.530077,0.564553,0.564553,0.564553,0.564553,0.564553,0.550316,0.550316
51-9192,0.410444,0.418799,0.392689,0.397389,0.574072,0.568560,0.565834,0.593149,0.593149,0.593149,0.593149,0.593149,0.593149,0.593149
51-9193,0.389853,0.396766,0.377372,0.510557,0.539422,0.532787,0.530418,0.560615,0.560615,0.560615,0.560615,0.560615,0.560615,0.560615
51-9194,0.440647,0.452873,0.438702,0.395747,0.607940,0.601742,0.598155,0.628822,0.628822,0.628822,0.628822,0.628822,0.628822,0.628822
51-9195,0.403776,0.409676,0.386844,0.410880,0.568803,0.562668,0.562321,0.592384,0.592384,0.592384,0.592384,0.592384,0.595130,0.595130
51-9196,0.403624,0.406841,0.383197,0.380569,0.570370,0.566807,0.565439,0.584183,0.584183,0.584183,0.584183,0.584183,0.584183,0.584183
51-9197,0.299331,0.306224,0.290509,0.288717,0.522263,0.514209,0.511300,0.535340,0.535340,0.535340,0.535340,0.535340,0.535340,0.535340
51-9198,0.323268,0.337038,0.316727,0.336575,0.531796,0.525045,0.524285,0.548393,0.548393,0.548393,0.548393,0.548393,0.554236,0.554236
53-1021,0.699883,0.703221,0.672475,0.641938,0.683014,0.678179,0.675692,0.704301,0.704301,0.704301,0.704301,0.704301,0.692306,0.692306
53-1031,0.651967,0.658560,0.632516,0.641833,0.675849,0.668313,0.665341,0.707092,0.707092,0.707092,0.707626,0.707626,0.707626,0.707626
53-2011,0.519681,0.524279,0.501219,0.557483,0.598784,0.592827,0.589077,0.623677,0.623677,0.620498,0.620498,0.620498,0.620498,0.620498
53-2012,0.519681,0.524279,0.501219,0.555602,0.596922,0.592287,0.587018,0.617851,0.617851,0.617851,0.617851,0.617851,0.628385,0.628385
53-2021,0.563249,0.570079,0.548450,0.549589,0.699399,0.690931,0.685010,0.725905,0.725905,0.725905,0.725905,0.734758,0.734758,0.734758
53-2031,0.647512,0.651700,0.630633,0.636106,0.679235,0.678353,0.677150,0.689637,0.689637,0.693073,0.693073,0.693073,0.693073,0.693073
53-3011,0.482686,0.486647,0.478526,0.565288,0.598862,0.592803,0.588168,0.627344,0.627344,0.627344,0.627344,0.627344,0.627344,0.627344
53-3021,0.468609,0.541728,0.528008,0.525134,0.568272,0.564991,0.561005,0.614160,0.614160,0.614160,0.614160,0.614160,0.614160,0.614160
53-3022,0.438319,0.444082,0.435361,0.560250,0.600426,0.598076,0.594481,0.600965,0.594465,0.594465,0.594465,0.594465,0.594465,0.594465
53-3031,0.618831,0.578740,0.562691,0.565643,0.612356,0.608646,0.606622,0.618941,0.618941,0.641098,0.641098,0.641098,0.641098,0.641098
53-3032,0.414031,0.419980,0.403010,0.503801,0.556852,0.553027,0.549633,0.562852,0.554876,0.554876,0.554876,0.574498,0.574498,0.574498
53-3033,0.435889,0.442048,0.423740,0.524388,0.565777,0.558532,0.557790,0.572105,0.572105,0.572105,0.572105,0.591278,0.591278,0.591278
53-3041,0.456314,0.531184,0.515968,0.521317,0.572434,0.569637,0.567854,0.624141,0.624141,0.624141,0.624141,0.624141,0.624141,0.624141
53-4011,0.459308,0.462819,0.446387,0.441612,0.564188,0.559866,0.555258,0.583039,0.583039,0.583039,0.583039,0.583039,0.580559,0.580559
53-4012,0.421192,0.426081,0.405997,0.400660,0.456879,0.455534,0.526787,0.557606,0.557606,0.557606,0.557606,0.557606,0.557606,0.557606
53-4013,0.425365,0.433650,0.417344,0.531841,0.572585,0.568875,0.561781,0.569944,0.569944,0.569944,0.569944,0.569944,0.569944,0.569944
53-4021,0.430177,0.435568,0.416317,0.368475,0.568929,0.566045,0.561583,0.571749,0.571749,0.571749,0.571749,0.571749,0.571749,0.571749
53-4031,0.606554,0.612223,0.593146,0.543208,0.588267,0.583625,0.580589,0.612520,0.612520,0.612520,0.617194,0.617194,0.617194,0.617194
53-4041,0.523856,0.525716,0.504743,0.507022,0.578318,0.574087,0.567842,0.578047,0.578047,0.578047,0.578047,0.578047,0.578047,0.578047
53-5011,0.424585,0.428412,0.412117,0.378687,0.540778,0.537170,0.532336,0.545654,0.545654,0.545654,0.545654,0.545654,0.545654,0.553369
53-5021,0.565592,0.568762,0.545049,0.544369,0.612891,0.606791,0.600844,0.633973,0.633973,0.633973,0.633973,0.633973,0.610313,0.610313
53-5022,0.376338,0.380677,0.367588,0.364767,0.567776,0.567399,0.561733,0.579647,0.579647,0.579647,0.579647,0.579647,0.579647,0.579647
53-5031,0.537332,0.540429,0.522808,0.517482,0.577143,0.571073,0.565607,0.598046,0.598046,0.598046,0.598046,0.598046,0.598046,0.576966
53-6011,0.424342,0.428917,0.545639,0.544624,0.584558,0.579923,0.574822,0.592981,0.592981,0.592981,0.592981,0.592981,0.592981,0.592981
53-6021,0.557673,0.573919,0.561239,0.558091,0.603095,0.599685,0.598082,0.608640,0.608640,0.608640,0.608640,0.608640,0.611612,0.611612
53-6031,0.486763,0.491512,0.473586,0.537042,0.574903,0.568809,0.565988,0.582444,0.582444,0.582444,0.582444,0.582444,0.582444,0.593160
53-6041,0.594034,0.600670,0.566495,0.645210,0.684999,0.665600,0.657822,0.695932,0.695932,0.695932,0.695932,0.695932,0.695932,0.665172
53-6051,0.542949,0.550825,0.525548,0.585059,0.615113,0.608551,0.601990,0.625382,0.625382,0.625382,0.649091,0.649091,0.649091,0.649091
53-6061,0.603870,0.607820,0.593325,0.590166,0.629837,0.625301,0.619382,0.648376,0.648376,0.648376,0.648376,0.648376,0.664665,0.664665
53-7011,0.410476,0.417268,0.397190,0.528514,0.561120,0.554705,0.548841,0.576092,0.576092,0.576092,0.576092,0.576092,0.576092,0.576092
53-7021,0.389916,0.396238,0.374388,0.481900,0.515171,0.507945,0.507115,0.513176,0.513176,0.513176,0.513176,0.513176,0.545180,0.545180
53-7031,0.431721,0.436122,0.417506,0.415526,0.466576,0.501878,0.499236,0.531727,0.531727,0.531727,0.531727,0.531727,0.531727,0.531727
53-7032,0.404223,0.410147,0.390979,0.377857,0.498268,0.493170,0.491077,0.521341,0.521341,0.521341,0.545159,0.545159,0.545159,0.545159
53-7033,0.270236,0.275728,0.264086,0.261230,0.312685,0.512730,0.509115,0.519084,0.519084,0.519084,0.519084,0.519084,0.519084,0.519084
53-7041,0.347360,0.354897,0.504838,0.501881,0.540230,0.537037,0.535546,0.548853,0.548853,0.548853,0.548853,0.548853,0.548853,0.548853
53-7051,0.338423,0.525472,0.506198,0.504128,0.540081,0.516346,0.515236,0.529755,0.529755,0.529755,0.561720,0.561720,0.561720,0.561720
53-7061,0.412772,0.418596,0.561952,0.558801,0.582445,0.578293,0.573759,0.579694,0.579694,0.579694,0.562751,0.562751,0.562751,0.562751
53-7062,0.300726,0.309561,0.297949,0.570563,0.588554,0.585938,0.582895,0.598544,0.598544,0.598544,0.547047,0.547047,0.547047,0.547047
53-7063,0.332241,0.343479,0.323812,0.321939,0.545034,0.538822,0.535090,0.568826,0.568826,0.568826,0.568826,0.568826,0.568826,0.569799
53-7064,0.374774,0.611199,0.596910,0.590598,0.628393,0.623940,0.620610,0.633053,0.644644,0.644644,0.644644,0.644644,0.644644,0.644644
53-7071,0.462817,0.467742,0.446811,0.427375,0.553552,0.544847,0.540909,0.567819,0.567819,0.567819,0.567819,0.567819,0.567819,0.567819
53-7072,0.376933,0.385290,0.364939,0.364104,0.555271,0.545953,0.542861,0.583606,0.583606,0.583606,0.583606,0.583606,0.583606,0.583606
53-7073,0.456354,0.459962,0.505877,0.500283,0.534388,0.526316,0.523012,0.539995,0.539995,0.539995,0.539995,0.539995,0.539995,0.539995
53-7081,0.341178,0.347808,0.514592,0.510913,0.542355,0.538243,0.535151,0.544965,0.544965,0.549754,0.549754,0.549754,0.549754,0.549754
53-7111,0.300039,0.303890,0.496307,0.492294,0.518088,0.512446,0.511574,0.523071,0.523071,0.523071,0.523071,0.523071,0.523071,0.523071
53-7121,0.444347,0.448722,0.427153,0.428028,0.549945,0.546222,0.545602,0.566648,0.566648,0.566648,0.566648,0.566648,0.566648,0.566648
